hh_id,Category,Loyal_HH_count,Price_Sensitive_count,Convenience_Leaning_count,Health_Conscious_count,Quality_Concerned_count
16,Frozen,1,1,0,0,0
17,Frozen,1,0,0,0,1
23,Frozen,0,0,0,0,0
28,Frozen,1,1,1,0,0
33,Frozen,1,0,0,1,1
42,Frozen,0,1,0,0,0
54,Frozen,1,1,1,0,0
61,Frozen,1,1,0,0,0
64,Frozen,0,1,1,0,0
72,Frozen,1,0,0,0,0
99,Frozen,0,0,0,0,0
103,Frozen,0,0,0,0,0
124,Frozen,1,1,1,0,0
135,Frozen,1,0,1,0,0
140,Frozen,1,0,1,0,0
145,Frozen,1,1,1,0,0
148,Frozen,0,0,1,0,0
151,Frozen,1,1,0,0,0
155,Frozen,1,0,0,0,0
156,Frozen,1,0,0,0,0
161,Frozen,0,0,0,0,0
182,Frozen,1,1,1,0,0
191,Frozen,0,0,1,0,0
196,Frozen,1,0,0,0,0
200,Frozen,0,1,0,0,0
213,Frozen,1,0,0,0,0
215,Frozen,1,1,1,0,0
225,Frozen,1,0,0,1,1
245,Frozen,1,0,0,0,0
252,Frozen,0,0,1,0,0
258,Frozen,0,0,0,0,1
260,Frozen,1,0,1,0,0
274,Frozen,1,0,1,0,1
275,Frozen,0,0,0,0,0
292,Frozen,0,1,0,0,0
300,Frozen,0,0,0,0,0
319,Frozen,1,0,1,0,0
325,Frozen,0,0,0,0,0
335,Frozen,0,0,1,0,0
340,Frozen,1,1,0,0,0
341,Frozen,0,0,0,0,0
355,Frozen,0,0,1,0,0
380,Frozen,0,0,1,0,1
399,Frozen,0,1,0,0,0
428,Frozen,1,0,0,0,0
456,Frozen,0,0,1,0,0
465,Frozen,0,1,1,0,0
474,Frozen,1,0,0,0,0
482,Frozen,1,0,0,0,0
491,Frozen,1,0,1,0,0
492,Frozen,1,0,0,0,0
494,Frozen,0,0,0,0,0
496,Frozen,1,0,1,0,0
505,Frozen,0,1,0,0,0
519,Frozen,0,0,1,0,0
522,Frozen,1,0,0,1,1
524,Frozen,1,0,0,0,0
536,Frozen,0,0,0,0,0
537,Frozen,0,0,0,0,0
556,Frozen,1,1,1,0,0
575,Frozen,1,0,1,0,0
588,Frozen,1,0,0,0,0
596,Frozen,0,1,0,0,0
604,Frozen,1,1,0,0,0
617,Frozen,1,1,0,0,0
622,Frozen,1,1,1,0,0
644,Frozen,0,0,0,0,0
646,Frozen,0,0,1,0,0
647,Frozen,0,1,1,0,0
656,Frozen,0,0,0,0,0
677,Frozen,1,0,0,1,1
682,Frozen,1,0,1,0,0
687,Frozen,0,1,0,0,0
720,Frozen,1,0,1,0,1
726,Frozen,1,0,0,0,0
746,Frozen,0,0,0,0,0
765,Frozen,0,0,0,0,1
775,Frozen,0,0,1,0,0
796,Frozen,0,0,0,1,1
800,Frozen,1,0,0,1,0
803,Frozen,1,0,1,1,0
821,Frozen,1,0,0,1,0
850,Frozen,1,0,0,1,1
871,Frozen,0,1,1,0,0
890,Frozen,0,0,0,0,0
895,Frozen,1,0,1,0,0
901,Frozen,0,0,0,0,0
905,Frozen,1,1,1,0,0
919,Frozen,1,0,0,1,1
925,Frozen,0,1,0,0,0
936,Frozen,1,1,0,0,0
946,Frozen,1,0,1,0,0
950,Frozen,1,0,1,1,1
960,Frozen,1,0,0,0,0
963,Frozen,1,1,1,0,0
1009,Frozen,1,1,0,0,0
1033,Frozen,0,0,0,0,1
1047,Frozen,0,1,0,0,0
1061,Frozen,0,0,1,0,0
1065,Frozen,0,0,0,1,0
1069,Frozen,0,0,0,0,0
1087,Frozen,1,1,1,0,0
1088,Frozen,1,0,0,0,0
1089,Frozen,1,1,0,0,0
1125,Frozen,0,0,0,0,0
1127,Frozen,1,0,1,0,0
1145,Frozen,0,0,0,0,0
1163,Frozen,0,0,0,0,1
1171,Frozen,0,0,0,0,0
1193,Frozen,0,0,0,0,0
1198,Frozen,1,0,0,1,1
1217,Frozen,1,0,1,0,0
1232,Frozen,0,0,1,0,0
1236,Frozen,1,0,0,0,0
1250,Frozen,1,0,1,0,0
1252,Frozen,1,0,0,1,1
1275,Frozen,1,1,1,0,0
1284,Frozen,0,1,0,0,0
1292,Frozen,0,0,1,0,0
1300,Frozen,0,1,1,0,0
1312,Frozen,1,1,0,0,0
1332,Frozen,0,0,0,0,0
1336,Frozen,0,0,0,0,0
1357,Frozen,1,0,1,0,0
1388,Frozen,0,0,1,0,0
1422,Frozen,1,0,0,0,0
1443,Frozen,0,0,0,0,0
1453,Frozen,1,0,1,0,0
1460,Frozen,1,0,1,0,0
1468,Frozen,0,0,0,0,1
1481,Frozen,0,1,0,0,0
1500,Frozen,1,0,0,0,1
1506,Frozen,0,1,0,0,0
1535,Frozen,1,0,0,0,0
1551,Frozen,1,0,1,0,0
1558,Frozen,1,1,1,0,0
1562,Frozen,0,0,1,0,0
1568,Frozen,0,0,0,1,1
1595,Frozen,1,0,1,0,0
1610,Frozen,1,0,0,1,1
1664,Frozen,1,0,0,1,1
1726,Frozen,0,1,1,0,0
1734,Frozen,1,0,1,0,0
1735,Frozen,1,0,0,0,0
1765,Frozen,1,0,0,1,0
1770,Frozen,0,0,0,0,0
1774,Frozen,0,1,0,0,0
1785,Frozen,1,0,1,0,0
1851,Frozen,1,1,1,0,0
1864,Frozen,0,0,0,0,0
1879,Frozen,1,1,0,1,0
1885,Frozen,1,0,0,0,0
1896,Frozen,1,0,0,0,0
1900,Frozen,1,1,1,0,0
1902,Frozen,1,0,0,1,1
1918,Frozen,1,0,1,0,0
1933,Frozen,1,1,0,0,1
1934,Frozen,1,0,0,1,1
1937,Frozen,1,1,0,0,0
1943,Frozen,1,0,1,0,0
1957,Frozen,0,1,1,0,0
2041,Frozen,0,0,1,0,0
2045,Frozen,1,0,1,0,0
2112,Frozen,1,0,0,0,1
2119,Frozen,1,0,0,0,0
2162,Frozen,0,0,0,0,0
2175,Frozen,1,0,0,0,1
2204,Frozen,0,0,1,0,0
2209,Frozen,1,1,1,0,0
2211,Frozen,0,1,0,0,0
2223,Frozen,0,1,0,0,0
2228,Frozen,0,0,0,0,0
2236,Frozen,0,0,0,0,0
2247,Frozen,1,1,0,0,0
2249,Frozen,1,0,1,0,0
2250,Frozen,0,0,0,0,0
2266,Frozen,1,1,0,1,0
2293,Frozen,1,1,0,0,0
2309,Frozen,1,0,0,0,0
2332,Frozen,0,1,0,0,0
2336,Frozen,1,1,1,0,0
2359,Frozen,1,1,1,0,0
2377,Frozen,0,1,1,0,0
2380,Frozen,0,0,0,0,0
2387,Frozen,0,0,0,0,0
2402,Frozen,0,0,0,0,0
2414,Frozen,0,0,0,0,0
2421,Frozen,1,0,0,0,1
2467,Frozen,0,1,1,0,0
2481,Frozen,1,0,1,0,0
2495,Frozen,0,0,0,0,0
2505,Frozen,0,0,1,0,0
2515,Frozen,0,0,0,0,0
2521,Frozen,0,1,0,0,1
2526,Frozen,1,0,0,0,0
2538,Frozen,1,0,0,0,0
2540,Frozen,1,0,1,0,0
2544,Frozen,1,0,0,0,1
2545,Frozen,0,1,1,0,0
2552,Frozen,1,0,1,0,1
2576,Frozen,0,0,0,0,0
2582,Frozen,0,0,0,0,0
2613,Frozen,1,1,1,1,0
2617,Frozen,0,0,0,0,0
2658,Frozen,1,1,0,0,0
2682,Frozen,0,0,0,0,0
2687,Frozen,0,0,0,0,0
2693,Frozen,1,0,1,1,0
2699,Frozen,1,1,0,1,1
2700,Frozen,1,0,1,0,0
2745,Frozen,0,0,0,0,0
2753,Frozen,0,0,0,0,0
2789,Frozen,0,0,1,0,0
2795,Frozen,0,1,1,0,0
2829,Frozen,0,1,0,0,0
2830,Frozen,0,1,0,0,0
2839,Frozen,0,1,1,0,0
2867,Frozen,1,0,0,0,0
2882,Frozen,0,0,0,0,0
2902,Frozen,0,0,0,0,0
2925,Frozen,1,0,1,0,0
2946,Frozen,1,0,0,0,0
2956,Frozen,1,0,1,0,0
2961,Frozen,1,0,1,0,0
2963,Frozen,1,0,0,1,1
2974,Frozen,1,1,1,0,0
2988,Frozen,0,0,0,0,0
3005,Frozen,1,0,1,0,0
3017,Frozen,1,0,0,0,0
3030,Frozen,1,0,0,1,1
3048,Frozen,0,1,1,0,0
3053,Frozen,0,0,0,0,0
3075,Frozen,0,0,0,0,0
3076,Frozen,1,0,0,0,0
3079,Frozen,0,0,0,0,0
3082,Frozen,1,1,0,0,0
3098,Frozen,1,1,1,0,0
3111,Frozen,1,0,1,0,0
3133,Frozen,0,0,0,0,0
3145,Frozen,0,0,0,0,1
3185,Frozen,1,0,0,1,1
3188,Frozen,0,0,1,0,0
3223,Frozen,1,1,1,0,0
3236,Frozen,0,1,0,0,0
3275,Frozen,1,0,1,0,0
3285,Frozen,0,1,0,1,0
3294,Frozen,1,1,1,0,0
3302,Frozen,1,0,0,1,1
3307,Frozen,1,0,0,0,0
3318,Frozen,0,0,0,0,0
3332,Frozen,0,1,0,0,0
3333,Frozen,0,0,1,0,0
3338,Frozen,0,0,1,0,0
3356,Frozen,1,0,0,0,0
3376,Frozen,1,0,1,0,0
3377,Frozen,1,1,1,0,0
3381,Frozen,0,0,0,0,1
3437,Frozen,0,0,0,0,0
3441,Frozen,0,1,0,0,0
3457,Frozen,1,0,0,0,1
3474,Frozen,1,1,1,0,0
3477,Frozen,1,0,0,0,1
3482,Frozen,0,0,1,0,0
3485,Frozen,1,0,0,0,0
3496,Frozen,1,1,0,0,0
3500,Frozen,0,0,1,0,0
3522,Frozen,0,1,0,0,0
3534,Frozen,1,1,0,1,1
3570,Frozen,1,0,1,0,0
3580,Frozen,0,1,0,0,0
3590,Frozen,1,0,1,0,0
3632,Frozen,1,0,0,1,1
3670,Frozen,1,1,0,0,0
3689,Frozen,0,1,1,0,0
3734,Frozen,0,0,0,0,0
3738,Frozen,1,0,0,1,1
3777,Frozen,1,0,0,0,0
3783,Frozen,0,0,0,0,0
3784,Frozen,1,1,1,0,0
3832,Frozen,1,1,1,0,0
3841,Frozen,1,0,1,0,0
3870,Frozen,1,0,0,0,1
3891,Frozen,0,0,0,1,1
3908,Frozen,0,0,0,0,0
3910,Frozen,1,0,1,0,0
3920,Frozen,0,0,0,0,0
3942,Frozen,1,0,0,0,1
3981,Frozen,1,0,0,0,0
3985,Frozen,1,0,0,1,1
4001,Frozen,1,1,1,0,0
4002,Frozen,1,0,0,0,1
4012,Frozen,1,0,0,1,0
4014,Frozen,1,0,0,0,0
4019,Frozen,1,0,0,0,0
4035,Frozen,1,0,0,0,0
4049,Frozen,1,0,0,1,1
4051,Frozen,0,1,0,0,0
4056,Frozen,0,1,0,0,0
4066,Frozen,0,0,0,0,0
4077,Frozen,1,1,1,0,0
4092,Frozen,1,0,1,0,0
4108,Frozen,0,1,0,0,0
4122,Frozen,0,1,0,0,0
4124,Frozen,1,0,0,1,1
4135,Frozen,1,0,1,0,0
4143,Frozen,0,1,1,0,0
4151,Frozen,1,1,1,0,0
4157,Frozen,1,1,1,0,0
4165,Frozen,1,0,1,0,0
4169,Frozen,1,0,1,0,0
4170,Frozen,1,1,0,0,0
4183,Frozen,1,0,0,0,0
4189,Frozen,0,0,0,0,0
4233,Frozen,0,1,1,0,0
4236,Frozen,1,0,0,1,0
4253,Frozen,1,0,1,0,0
4259,Frozen,1,1,1,0,0
4274,Frozen,0,1,0,0,0
4278,Frozen,1,0,0,1,0
4291,Frozen,0,0,0,0,0
4296,Frozen,1,0,0,0,0
4307,Frozen,0,0,1,0,0
4310,Frozen,1,0,0,0,0
4314,Frozen,0,1,0,0,0
4316,Frozen,0,0,0,0,0
4318,Frozen,1,0,1,0,0
4321,Frozen,1,0,0,1,1
4346,Frozen,0,0,0,0,0
4353,Frozen,1,0,1,0,0
4357,Frozen,0,1,1,0,0
4363,Frozen,0,0,0,0,0
4378,Frozen,1,0,0,0,0
4400,Frozen,0,0,0,0,0
4405,Frozen,0,0,0,0,0
4411,Frozen,1,0,0,0,0
4415,Frozen,0,0,1,0,0
4420,Frozen,0,0,1,0,0
4460,Frozen,1,0,1,0,0
4461,Frozen,1,0,1,0,0
4464,Frozen,1,0,0,0,0
4474,Frozen,0,0,0,0,0
4494,Frozen,0,1,0,0,0
4495,Frozen,0,0,0,0,0
4496,Frozen,0,0,1,0,0
4498,Frozen,1,0,0,0,0
4500,Frozen,1,1,1,0,0
4516,Frozen,1,0,0,1,1
4536,Frozen,1,0,1,0,1
4546,Frozen,0,0,0,0,0
4575,Frozen,1,0,0,0,1
4596,Frozen,0,0,0,0,0
4615,Frozen,0,1,0,0,0
4723,Frozen,0,0,0,0,0
4724,Frozen,1,0,0,0,0
4778,Frozen,0,1,0,0,0
4791,Frozen,0,1,0,0,0
4792,Frozen,1,0,0,1,1
4801,Frozen,0,0,1,0,0
4842,Frozen,0,0,0,0,0
4845,Frozen,0,1,0,0,0
4881,Frozen,0,0,0,0,0
4884,Frozen,1,0,0,1,1
4885,Frozen,1,0,0,0,0
4889,Frozen,0,0,0,0,0
4902,Frozen,0,0,0,0,0
4906,Frozen,1,0,1,0,0
4949,Frozen,1,0,1,0,0
4990,Frozen,1,0,1,0,0
5016,Frozen,0,0,0,0,1
5061,Frozen,0,1,1,0,0
5065,Frozen,1,0,0,1,1
5068,Frozen,1,0,1,1,0
5075,Frozen,1,0,0,1,0
5081,Frozen,1,0,0,0,1
5100,Frozen,0,0,1,0,0
5102,Frozen,1,0,1,0,1
5105,Frozen,1,0,0,0,0
5110,Frozen,1,0,0,0,0
5121,Frozen,0,0,0,1,1
5137,Frozen,1,0,0,0,0
5153,Frozen,0,0,0,0,0
5159,Frozen,0,0,0,1,1
5160,Frozen,0,1,1,0,0
5176,Frozen,1,0,1,0,0
5199,Frozen,0,1,0,0,0
5205,Frozen,1,1,0,0,0
5216,Frozen,0,1,1,0,0
5226,Frozen,0,0,0,0,0
5236,Frozen,1,0,0,0,0
5245,Frozen,0,0,1,0,0
5247,Frozen,0,1,0,0,0
5257,Frozen,0,0,0,1,1
5280,Frozen,1,0,0,0,0
5286,Frozen,0,1,0,0,0
5292,Frozen,1,1,0,0,0
5307,Frozen,0,1,0,0,0
5343,Frozen,1,0,0,1,1
5348,Frozen,1,0,0,0,0
5359,Frozen,1,1,0,0,0
5362,Frozen,1,1,1,0,0
5395,Frozen,0,1,1,0,0
5397,Frozen,1,1,0,0,0
5399,Frozen,0,0,0,0,0
5411,Frozen,0,0,0,0,0
5419,Frozen,0,0,1,0,0
5474,Frozen,1,0,1,1,1
5477,Frozen,0,0,0,1,1
5483,Frozen,0,0,0,0,0
5559,Frozen,0,0,0,0,0
5600,Frozen,1,1,0,0,0
5619,Frozen,0,0,0,0,0
5662,Frozen,0,0,0,0,0
5695,Frozen,0,0,1,0,0
5710,Frozen,1,1,0,0,0
5773,Frozen,0,0,0,0,1
5783,Frozen,1,1,0,0,0
5788,Frozen,1,1,1,0,0
5805,Frozen,1,1,1,0,0
5810,Frozen,0,0,0,1,1
5815,Frozen,1,0,1,0,0
5839,Frozen,1,1,0,0,0
5845,Frozen,0,0,0,0,0
5866,Frozen,0,0,1,0,0
5867,Frozen,1,0,1,0,0
5871,Frozen,0,0,0,0,0
5872,Frozen,0,1,1,0,0
5889,Frozen,1,0,0,1,0
5900,Frozen,1,0,1,0,0
5902,Frozen,1,0,1,0,0
5905,Frozen,1,1,1,0,0
5927,Frozen,0,1,0,0,0
5928,Frozen,0,0,0,0,0
5936,Frozen,0,0,0,0,0
5938,Frozen,1,0,0,0,0
5940,Frozen,1,1,0,0,0
5948,Frozen,1,0,0,1,0
5953,Frozen,1,0,0,0,0
5961,Frozen,0,0,1,0,0
5978,Frozen,1,0,0,0,0
5979,Frozen,0,1,0,0,0
5985,Frozen,1,1,1,0,0
6003,Frozen,0,1,1,0,0
6007,Frozen,0,1,1,0,0
6014,Frozen,1,1,0,0,0
6023,Frozen,1,0,0,0,1
6031,Frozen,0,1,1,0,0
6040,Frozen,1,1,0,0,0
6043,Frozen,0,0,1,1,0
6047,Frozen,0,0,0,1,1
6064,Frozen,1,1,1,1,0
6069,Frozen,1,1,0,0,0
6081,Frozen,1,1,1,0,0
6086,Frozen,1,0,1,0,0
6094,Frozen,0,1,1,0,0
6098,Frozen,1,1,1,0,0
6109,Frozen,1,1,1,0,0
6110,Frozen,0,0,1,0,0
6122,Frozen,1,0,0,0,1
6131,Frozen,1,0,0,1,1
6135,Frozen,1,0,1,0,0
6143,Frozen,0,0,1,0,0
6173,Frozen,0,1,0,0,0
6178,Frozen,1,0,0,0,0
6180,Frozen,1,1,1,0,0
6185,Frozen,1,1,1,0,0
6200,Frozen,1,0,1,1,1
6203,Frozen,1,1,0,0,0
6204,Frozen,0,0,1,0,0
6225,Frozen,1,0,1,1,1
6227,Frozen,0,0,0,0,0
6235,Frozen,1,0,0,0,0
6244,Frozen,1,0,1,0,0
6277,Frozen,0,1,1,0,0
6283,Frozen,1,0,1,0,0
6290,Frozen,0,0,1,0,0
6295,Frozen,1,1,0,0,0
6303,Frozen,1,0,0,0,0
6349,Frozen,0,1,1,0,0
6351,Frozen,1,0,1,0,0
6353,Frozen,1,0,1,0,0
6365,Frozen,1,1,0,0,0
6383,Frozen,1,0,0,1,0
6391,Frozen,1,0,0,0,0
6396,Frozen,1,1,1,0,0
6400,Frozen,1,0,0,0,0
6405,Frozen,1,0,1,0,0
6409,Frozen,1,0,1,0,0
6416,Frozen,0,0,0,0,0
6418,Frozen,1,1,0,0,0
6420,Frozen,1,1,1,0,0
6440,Frozen,0,0,0,0,0
6446,Frozen,1,0,1,1,1
6447,Frozen,1,0,0,0,0
6460,Frozen,0,1,0,0,0
6462,Frozen,1,0,1,0,0
6464,Frozen,1,0,1,0,0
6466,Frozen,0,0,0,0,0
6467,Frozen,0,1,0,0,0
6479,Frozen,1,1,0,0,0
6489,Frozen,0,0,1,0,0
6498,Frozen,1,0,0,0,0
6508,Frozen,0,1,1,0,0
6514,Frozen,0,1,0,0,0
6518,Frozen,1,0,1,0,0
6525,Frozen,1,0,1,1,1
6528,Frozen,1,0,0,0,0
6530,Frozen,1,1,1,0,0
6533,Frozen,0,0,1,0,0
6538,Frozen,0,0,1,0,0
6541,Frozen,0,0,1,0,0
6566,Frozen,1,1,1,0,0
6577,Frozen,0,0,0,0,0
6583,Frozen,1,1,1,0,0
6591,Frozen,1,1,1,0,0
6598,Frozen,1,1,0,0,0
6605,Frozen,0,0,0,0,0
6609,Frozen,0,1,1,0,0
6619,Frozen,0,0,0,0,0
6651,Frozen,1,0,1,0,0
6656,Frozen,1,0,0,1,1
6684,Frozen,0,1,1,0,0
6703,Frozen,1,0,1,0,0
6705,Frozen,0,0,1,0,0
6708,Frozen,1,1,0,0,0
6709,Frozen,1,0,1,0,0
6713,Frozen,1,0,1,0,0
6730,Frozen,0,1,1,0,0
6746,Frozen,1,0,1,0,0
6754,Frozen,1,0,1,0,0
6759,Frozen,0,1,0,0,0
6785,Frozen,1,1,1,0,0
6800,Frozen,1,1,0,0,0
6826,Frozen,1,1,1,0,0
6828,Frozen,1,0,0,0,0
6850,Frozen,1,0,0,0,0
6855,Frozen,1,0,1,0,0
6878,Frozen,0,0,0,0,0
6886,Frozen,1,0,1,0,0
6890,Frozen,0,0,0,0,0
6892,Frozen,1,0,1,0,0
6906,Frozen,1,0,0,0,0
6924,Frozen,0,0,1,0,0
6929,Frozen,1,1,0,0,0
6931,Frozen,1,1,0,0,0
6941,Frozen,1,0,1,0,0
6965,Frozen,1,0,1,0,0
6969,Frozen,1,0,0,1,1
6979,Frozen,0,0,0,0,0
6993,Frozen,0,0,1,0,0
6997,Frozen,1,1,1,0,0
7004,Frozen,1,1,1,0,0
7010,Frozen,1,1,1,0,0
7014,Frozen,1,1,0,0,0
7019,Frozen,0,0,0,0,0
7022,Frozen,1,1,1,0,0
7025,Frozen,0,0,0,0,1
7026,Frozen,1,1,0,0,0
7038,Frozen,0,0,0,0,1
7062,Frozen,1,0,1,0,0
7076,Frozen,1,1,1,0,0
7077,Frozen,0,0,0,0,0
7079,Frozen,1,0,0,0,0
7080,Frozen,1,0,0,0,0
7091,Frozen,1,0,1,0,0
7097,Frozen,0,0,1,0,1
7106,Frozen,1,1,1,0,0
7110,Frozen,1,0,0,1,0
7131,Frozen,0,0,0,0,0
7146,Frozen,1,1,0,0,0
7147,Frozen,0,0,1,0,0
7173,Frozen,1,1,0,0,0
7180,Frozen,0,0,0,0,0
7193,Frozen,1,1,0,0,0
7197,Frozen,0,0,1,0,0
7206,Frozen,1,1,0,0,0
7212,Frozen,1,1,1,0,0
7213,Frozen,0,1,0,0,0
7215,Frozen,1,0,1,0,0
7221,Frozen,1,0,1,0,0
7224,Frozen,0,0,1,0,0
7226,Frozen,0,0,1,0,0
7238,Frozen,1,1,1,0,0
7244,Frozen,1,0,1,0,0
7256,Frozen,1,0,1,0,0
7259,Frozen,0,0,1,0,0
7278,Frozen,0,0,0,0,1
7281,Frozen,0,1,1,0,0
7283,Frozen,0,1,1,0,0
7289,Frozen,1,0,1,0,0
7300,Frozen,0,1,1,0,0
7301,Frozen,0,0,0,0,0
7313,Frozen,1,0,1,0,0
7314,Frozen,0,0,0,1,0
7317,Frozen,1,1,0,0,0
7334,Frozen,0,0,1,0,0
7335,Frozen,1,1,1,0,0
7337,Frozen,1,0,1,0,0
7343,Frozen,0,0,1,0,0
7364,Frozen,0,0,0,0,0
7388,Frozen,0,1,0,0,0
7390,Frozen,0,0,0,1,1
7401,Frozen,1,1,1,0,0
7402,Frozen,1,1,1,0,0
7411,Frozen,0,1,0,0,0
7412,Frozen,1,1,1,0,0
7434,Frozen,0,0,0,0,0
7436,Frozen,1,0,1,0,0
7440,Frozen,0,0,1,0,0
7441,Frozen,1,0,1,0,0
7457,Frozen,0,0,0,0,0
7458,Frozen,1,1,0,0,0
7462,Frozen,0,1,0,0,0
7466,Frozen,1,1,1,0,0
7471,Frozen,1,0,1,0,1
7477,Frozen,0,1,0,0,0
7489,Frozen,1,0,0,0,0
7493,Frozen,1,0,1,0,0
7509,Frozen,0,0,0,0,0
7515,Frozen,0,1,0,0,0
7519,Frozen,0,1,1,0,0
7538,Frozen,1,0,1,1,0
7543,Frozen,1,0,1,0,0
7546,Frozen,1,1,0,0,0
7569,Frozen,0,0,0,1,0
7580,Frozen,0,0,0,0,0
7600,Frozen,1,0,0,0,0
7605,Frozen,1,1,1,0,0
7610,Frozen,0,0,0,0,0
7616,Frozen,1,0,1,0,0
7621,Frozen,1,1,0,0,0
7638,Frozen,0,0,1,0,0
7639,Frozen,0,0,0,0,0
7642,Frozen,1,1,0,0,0
7643,Frozen,0,0,0,0,0
7649,Frozen,1,0,0,0,0
7675,Frozen,1,0,1,0,0
7688,Frozen,1,0,0,0,0
7694,Frozen,1,1,0,0,0
7695,Frozen,1,1,0,1,0
7711,Frozen,1,0,1,0,0
7724,Frozen,1,0,1,0,0
7726,Frozen,1,0,1,0,0
7730,Frozen,1,1,1,0,0
7733,Frozen,1,0,1,0,0
7741,Frozen,0,0,0,0,0
7744,Frozen,0,1,1,0,0
7762,Frozen,1,1,1,0,0
7765,Frozen,1,0,0,0,1
7766,Frozen,1,0,0,1,1
7767,Frozen,0,0,1,0,0
7769,Frozen,0,0,0,0,0
7790,Frozen,1,0,1,0,0
7791,Frozen,1,1,1,0,0
7797,Frozen,1,0,0,0,0
7800,Frozen,0,0,1,0,0
7802,Frozen,0,0,0,1,0
7804,Frozen,1,0,0,0,0
7810,Frozen,1,0,1,0,0
7827,Frozen,1,1,0,0,0
7829,Frozen,1,1,1,0,0
7832,Frozen,1,0,1,0,0
7834,Frozen,0,0,0,0,0
7835,Frozen,0,0,1,0,0
7837,Frozen,1,0,1,0,0
7840,Frozen,1,1,1,0,0
7842,Frozen,0,0,0,0,0
7843,Frozen,1,1,1,0,0
7847,Frozen,1,0,1,0,0
7848,Frozen,1,1,0,0,0
7860,Frozen,0,0,1,0,0
7864,Frozen,0,1,1,0,0
7889,Frozen,1,0,0,0,0
7893,Frozen,1,1,1,0,0
7895,Frozen,1,1,1,0,0
7913,Frozen,1,0,0,0,0
7915,Frozen,1,1,1,0,0
7916,Frozen,1,1,1,0,0
7917,Frozen,0,0,0,0,0
7920,Frozen,1,0,1,0,0
7928,Frozen,0,0,0,1,0
7941,Frozen,0,0,0,0,0
7958,Frozen,1,0,1,1,1
7960,Frozen,1,0,0,0,0
7967,Frozen,1,1,1,0,0
7977,Frozen,1,0,0,1,1
7985,Frozen,0,0,0,0,1
7997,Frozen,0,0,0,0,0
8011,Frozen,0,0,1,0,0
8019,Frozen,0,0,1,0,0
8020,Frozen,0,1,1,0,0
8030,Frozen,0,0,0,1,1
8034,Frozen,0,0,0,0,0
8057,Frozen,0,0,0,0,0
8083,Frozen,1,0,1,0,0
8094,Frozen,0,1,0,0,0
8095,Frozen,0,0,1,0,0
8111,Frozen,0,1,0,1,1
8112,Frozen,1,0,0,0,0
8133,Frozen,0,0,0,0,0
8136,Frozen,0,1,1,0,0
8155,Frozen,1,1,1,0,0
8165,Frozen,1,0,0,1,0
8166,Frozen,1,0,0,0,0
8177,Frozen,1,0,1,0,0
8180,Frozen,1,0,0,0,0
8185,Frozen,0,1,1,0,0
8191,Frozen,1,1,0,0,0
8216,Frozen,1,0,1,0,0
8217,Frozen,1,0,1,0,0
8242,Frozen,1,0,1,0,0
8243,Frozen,1,0,0,1,1
8252,Frozen,0,0,0,0,0
8257,Frozen,0,0,0,0,0
8262,Frozen,1,0,0,0,0
8264,Frozen,0,0,0,0,0
8266,Frozen,1,0,0,0,0
8270,Frozen,0,0,0,0,0
8282,Frozen,1,0,1,0,0
8286,Frozen,1,0,1,0,0
8289,Frozen,1,0,0,1,1
8298,Frozen,1,1,1,0,0
8311,Frozen,1,0,0,0,0
8320,Frozen,0,0,0,0,0
8325,Frozen,1,1,1,0,0
8330,Frozen,1,0,0,1,1
8338,Frozen,1,1,1,0,0
8353,Frozen,0,1,0,0,0
8365,Frozen,0,0,0,0,0
8375,Frozen,1,0,0,1,1
8383,Frozen,1,0,1,0,0
8413,Frozen,1,0,1,0,0
8416,Frozen,1,0,1,1,0
8431,Frozen,0,1,1,0,0
8432,Frozen,1,0,1,0,0
8437,Frozen,0,1,0,0,0
8439,Frozen,1,0,1,0,0
8440,Frozen,0,0,1,0,0
8441,Frozen,1,0,1,0,0
8454,Frozen,1,0,1,0,0
8467,Frozen,0,0,1,0,0
8468,Frozen,0,1,1,0,0
8470,Frozen,1,0,0,1,0
8477,Frozen,1,0,1,0,0
8487,Frozen,1,0,0,1,1
8491,Frozen,1,0,0,0,0
8549,Frozen,0,0,0,1,1
8552,Frozen,0,0,0,0,0
8607,Frozen,1,0,1,0,0
8609,Frozen,0,1,1,0,0
8616,Frozen,0,0,1,0,0
8635,Frozen,1,0,0,0,0
8642,Frozen,0,0,0,0,1
8662,Frozen,0,0,0,1,1
8711,Frozen,0,0,0,1,1
8745,Frozen,0,0,0,0,0
8754,Frozen,1,0,1,0,0
8758,Frozen,1,0,0,0,0
8762,Frozen,1,1,1,0,0
8779,Frozen,0,1,0,0,0
8806,Frozen,1,1,0,0,0
8845,Frozen,0,1,1,0,0
8848,Frozen,1,1,1,0,0
8877,Frozen,0,0,0,1,0
8900,Frozen,0,0,0,0,0
8921,Frozen,0,1,1,0,0
8930,Frozen,0,0,0,0,0
8967,Frozen,0,1,0,0,0
9008,Frozen,0,1,0,1,0
9018,Frozen,1,0,1,0,0
9022,Frozen,0,1,1,0,0
9024,Frozen,1,0,0,0,1
9035,Frozen,1,0,1,0,0
9047,Frozen,0,0,1,0,0
9075,Frozen,0,0,0,0,0
9076,Frozen,1,0,0,0,0
9100,Frozen,0,0,0,0,0
9108,Frozen,0,0,0,0,1
9128,Frozen,0,0,0,0,0
9134,Frozen,1,0,1,0,0
9151,Frozen,1,1,1,0,0
9168,Frozen,1,0,0,0,0
9184,Frozen,1,0,0,1,1
9212,Frozen,0,0,0,0,0
9216,Frozen,1,0,1,0,0
9224,Frozen,0,1,0,0,0
9234,Frozen,1,1,0,0,0
9241,Frozen,1,0,1,0,0
9262,Frozen,0,1,0,0,0
9272,Frozen,1,1,1,1,0
9275,Frozen,1,1,0,0,0
9287,Frozen,0,0,0,0,0
9303,Frozen,0,0,0,1,1
9307,Frozen,0,1,1,0,0
9309,Frozen,1,0,0,0,0
9362,Frozen,0,0,0,0,0
9409,Frozen,0,0,0,0,0
9424,Frozen,0,0,1,0,1
9440,Frozen,0,1,0,0,0
9489,Frozen,1,1,0,0,0
9490,Frozen,1,1,0,0,0
9564,Frozen,0,1,0,0,0
9567,Frozen,1,1,1,0,0
9588,Frozen,1,0,1,0,0
9590,Frozen,1,0,1,0,0
9607,Frozen,0,0,0,1,1
9610,Frozen,0,1,1,0,0
9611,Frozen,1,0,0,0,0
9624,Frozen,1,0,1,0,0
9631,Frozen,0,0,0,0,0
9678,Frozen,0,0,0,1,1
9690,Frozen,1,0,0,0,0
9704,Frozen,1,0,0,0,0
9722,Frozen,1,1,0,0,0
9725,Frozen,0,0,0,0,0
9733,Frozen,0,1,0,0,0
9751,Frozen,1,0,0,0,0
9758,Frozen,0,0,0,0,0
9764,Frozen,1,1,1,0,0
9767,Frozen,1,0,1,0,0
9808,Frozen,0,0,0,0,0
9819,Frozen,1,0,0,1,1
9822,Frozen,0,0,0,0,0
9828,Frozen,0,0,1,0,0
9840,Frozen,0,0,0,1,1
9882,Frozen,0,0,1,0,0
9915,Frozen,0,0,1,0,0
9932,Frozen,0,0,0,0,1
9951,Frozen,1,0,0,0,0
9962,Frozen,0,0,1,0,0
9964,Frozen,1,1,1,0,0
9980,Frozen,0,0,0,0,0
10004,Frozen,0,0,1,0,0
10018,Frozen,1,0,1,0,0
10024,Frozen,0,0,0,0,0
10043,Frozen,1,1,1,0,0
10075,Frozen,1,0,0,0,0
10080,Frozen,0,0,1,0,0
10104,Frozen,0,1,0,0,0
10118,Frozen,0,0,0,0,0
10135,Frozen,0,0,0,0,1
10156,Frozen,1,0,1,0,0
10172,Frozen,0,0,0,0,0
10182,Frozen,0,0,0,0,0
10201,Frozen,0,0,0,1,0
10203,Frozen,1,0,0,0,0
10220,Frozen,0,1,1,0,0
10273,Frozen,1,0,0,1,1
10301,Frozen,0,0,0,0,0
10322,Frozen,0,0,0,1,1
10343,Frozen,0,0,0,0,0
10362,Frozen,0,1,0,0,0
10366,Frozen,1,0,0,0,1
10369,Frozen,0,1,0,0,0
10376,Frozen,0,0,1,0,0
10399,Frozen,0,1,0,0,0
10412,Frozen,0,0,0,0,0
10420,Frozen,1,1,1,0,0
10454,Frozen,1,0,0,1,1
10465,Frozen,1,0,1,0,0
10489,Frozen,0,0,1,0,0
10506,Frozen,1,0,0,0,0
10508,Frozen,0,0,0,0,0
10523,Frozen,0,0,1,0,0
10538,Frozen,0,1,1,0,0
10544,Frozen,1,0,0,0,0
10551,Frozen,0,0,0,0,0
10553,Frozen,1,1,1,0,0
10593,Frozen,1,1,0,0,0
10594,Frozen,1,0,1,0,0
10606,Frozen,0,1,0,0,0
10611,Frozen,1,0,0,1,0
10613,Frozen,0,0,1,0,0
10625,Frozen,1,0,0,1,0
10629,Frozen,0,0,0,0,0
10645,Frozen,0,0,1,0,0
10690,Frozen,0,1,0,0,0
10691,Frozen,0,0,0,1,0
10701,Frozen,0,0,1,0,0
10723,Frozen,0,0,0,0,0
10732,Frozen,1,0,1,0,0
10740,Frozen,0,1,0,0,0
10747,Frozen,0,0,0,0,0
10764,Frozen,1,1,1,0,0
10773,Frozen,1,0,0,0,1
10794,Frozen,0,0,0,1,0
10795,Frozen,1,1,1,0,0
10797,Frozen,1,0,1,0,0
10802,Frozen,0,0,0,0,0
10812,Frozen,0,1,0,0,0
10841,Frozen,0,1,0,0,0
10844,Frozen,1,0,0,0,0
10895,Frozen,0,0,0,0,1
10911,Frozen,1,0,1,0,0
10947,Frozen,0,1,0,0,0
10949,Frozen,1,0,1,0,0
10963,Frozen,0,0,0,0,1
10966,Frozen,1,0,0,1,1
10975,Frozen,0,1,1,0,0
11005,Frozen,0,0,0,1,0
11024,Frozen,1,0,1,0,0
11026,Frozen,1,1,0,0,0
11037,Frozen,0,0,0,0,0
11042,Frozen,1,0,1,1,0
11052,Frozen,1,0,1,0,0
11057,Frozen,1,0,1,1,0
11064,Frozen,0,0,0,1,1
11068,Frozen,0,0,1,0,0
11071,Frozen,1,0,0,1,0
11076,Frozen,0,0,0,1,1
11081,Frozen,1,0,0,0,0
11085,Frozen,0,0,1,0,0
11090,Frozen,0,0,0,0,0
11120,Frozen,0,0,0,0,0
11124,Frozen,0,0,1,0,0
11137,Frozen,1,0,0,0,0
11138,Frozen,0,0,1,0,0
11144,Frozen,1,1,1,0,0
11147,Frozen,1,0,0,0,0
11157,Frozen,0,1,1,0,0
11181,Frozen,0,0,0,1,0
11187,Frozen,1,1,1,0,0
11239,Frozen,0,0,0,1,1
11253,Frozen,0,1,1,0,0
11254,Frozen,0,0,0,1,1
11256,Frozen,1,0,1,0,0
11268,Frozen,0,1,1,0,0
11292,Frozen,1,1,1,0,0
11295,Frozen,1,0,0,1,1
11336,Frozen,1,0,1,0,0
11342,Frozen,1,0,0,0,0
11346,Frozen,0,0,0,0,0
11355,Frozen,1,0,0,0,0
11358,Frozen,0,1,0,0,0
11376,Frozen,1,1,1,0,0
11378,Frozen,1,0,1,0,0
11380,Frozen,1,0,1,0,0
11383,Frozen,1,0,0,0,0
11399,Frozen,0,0,0,0,0
11428,Frozen,0,0,0,1,1
11438,Frozen,1,0,1,0,0
11448,Frozen,0,1,0,0,0
11452,Frozen,0,0,0,0,1
11461,Frozen,1,1,1,0,0
11467,Frozen,0,0,0,0,0
11478,Frozen,1,0,1,0,0
11481,Frozen,0,0,0,0,0
11487,Frozen,1,0,1,0,0
11490,Frozen,1,1,1,0,0
11571,Frozen,1,1,1,0,0
11575,Frozen,0,0,0,1,1
11589,Frozen,1,0,0,0,0
11597,Frozen,0,1,0,0,0
11600,Frozen,0,1,0,0,0
11612,Frozen,1,0,1,1,1
11619,Frozen,1,1,1,0,0
11634,Frozen,0,0,1,0,0
11652,Frozen,0,0,1,0,0
11668,Frozen,0,1,0,0,0
11693,Frozen,0,0,1,0,0
11698,Frozen,1,0,0,0,0
11708,Frozen,1,0,1,0,1
11717,Frozen,0,1,1,0,0
11747,Frozen,0,0,0,0,0
11760,Frozen,0,0,0,0,0
11762,Frozen,0,1,1,0,0
11775,Frozen,0,0,1,0,0
11785,Frozen,1,1,0,0,1
11794,Frozen,0,0,0,0,0
11797,Frozen,1,0,0,0,0
11819,Frozen,0,1,0,1,0
11834,Frozen,0,0,0,0,0
11836,Frozen,1,0,0,0,0
11842,Frozen,0,0,0,0,0
11848,Frozen,0,0,1,0,0
11869,Frozen,0,1,0,0,0
11966,Frozen,0,1,0,0,0
11977,Frozen,0,0,0,0,0
11998,Frozen,1,1,1,0,0
12056,Frozen,0,0,0,0,0
12064,Frozen,0,0,0,0,0
12110,Frozen,0,0,0,1,1
12119,Frozen,1,0,1,0,0
12126,Frozen,1,0,0,1,1
12154,Frozen,0,1,0,0,0
12176,Frozen,0,0,1,0,0
12186,Frozen,1,1,0,0,0
12199,Frozen,0,0,0,0,0
12205,Frozen,1,0,1,0,0
12219,Frozen,1,0,0,0,0
12224,Frozen,1,0,0,0,1
12227,Frozen,0,1,0,0,0
12257,Frozen,1,0,0,0,0
12263,Frozen,0,0,0,0,0
12266,Frozen,1,1,0,0,0
12267,Frozen,0,1,0,0,0
12282,Frozen,0,0,0,0,0
12283,Frozen,0,0,0,0,1
12284,Frozen,1,0,0,1,1
12294,Frozen,1,1,0,0,0
12296,Frozen,1,0,1,0,0
12298,Frozen,0,0,0,0,0
12334,Frozen,1,0,1,0,0
12341,Frozen,0,0,1,0,0
12356,Frozen,1,0,0,0,0
12359,Frozen,1,1,1,0,0
12371,Frozen,1,1,1,0,0
12374,Frozen,1,1,0,0,0
12377,Frozen,1,1,1,0,0
12386,Frozen,0,0,0,1,1
12387,Frozen,0,0,0,0,0
12391,Frozen,0,1,1,0,0
12399,Frozen,0,0,0,0,0
12408,Frozen,1,0,0,0,1
12418,Frozen,1,1,1,0,0
12447,Frozen,1,0,0,0,1
12454,Frozen,0,0,1,0,0
12455,Frozen,1,0,1,0,0
12456,Frozen,0,0,1,0,0
12458,Frozen,0,0,1,0,0
12465,Frozen,1,0,0,0,1
12469,Frozen,1,0,1,0,0
12515,Frozen,0,0,0,0,0
12520,Frozen,1,0,0,0,0
12527,Frozen,0,0,0,0,0
12560,Frozen,1,1,0,0,0
12606,Frozen,0,1,0,0,0
12631,Frozen,1,1,1,0,0
12637,Frozen,0,1,1,0,0
12658,Frozen,0,1,0,0,0
12660,Frozen,0,1,1,0,0
12681,Frozen,1,0,1,0,0
12706,Frozen,0,0,0,0,0
12721,Frozen,0,0,0,0,0
12732,Frozen,1,1,1,0,0
12759,Frozen,0,0,0,0,0
12774,Frozen,0,1,1,0,0
12781,Frozen,0,0,0,0,0
12841,Frozen,1,0,1,0,0
12843,Frozen,1,0,1,0,0
12863,Frozen,0,0,0,1,1
12966,Frozen,0,0,0,0,0
12979,Frozen,0,0,0,0,0
12985,Frozen,1,1,1,1,0
12998,Frozen,0,1,1,0,0
13006,Frozen,1,0,0,0,0
13016,Frozen,0,0,0,0,0
13020,Frozen,0,0,1,0,0
13033,Frozen,0,1,0,0,0
13038,Frozen,1,0,1,0,0
13043,Frozen,0,0,0,0,0
13045,Frozen,0,0,1,0,0
13054,Frozen,1,1,0,0,0
13061,Frozen,1,1,0,0,0
13100,Frozen,0,1,0,0,0
13111,Frozen,1,1,0,0,0
13114,Frozen,0,1,0,0,0
13116,Frozen,0,1,0,0,0
13129,Frozen,0,0,1,0,0
13135,Frozen,1,0,1,0,0
13185,Frozen,1,0,0,0,0
13195,Frozen,0,0,0,0,0
13200,Frozen,0,1,0,0,1
13206,Frozen,1,0,1,0,0
13208,Frozen,1,0,1,0,0
13213,Frozen,0,0,0,0,0
13220,Frozen,0,0,1,0,0
13222,Frozen,0,1,1,0,0
13253,Frozen,1,1,1,0,0
13268,Frozen,1,1,1,0,0
13288,Frozen,0,0,0,0,0
13294,Frozen,0,0,1,0,0
13295,Frozen,1,1,0,0,0
13303,Frozen,0,0,0,0,0
13309,Frozen,0,0,0,0,0
13312,Frozen,1,0,0,0,0
13313,Frozen,1,1,0,0,0
13315,Frozen,0,0,0,0,0
13353,Frozen,1,0,1,0,0
13360,Frozen,0,0,0,0,0
13373,Frozen,1,0,1,0,0
13391,Frozen,1,1,1,0,0
13402,Frozen,0,0,0,0,0
13460,Frozen,0,0,1,0,0
13471,Frozen,0,0,0,0,0
13478,Frozen,0,1,0,0,0
13497,Frozen,1,0,0,0,1
13498,Frozen,0,0,0,1,1
13577,Frozen,0,1,0,0,0
13581,Frozen,0,0,0,0,0
13594,Frozen,0,0,0,1,1
13602,Frozen,1,0,0,1,0
13612,Frozen,1,0,0,0,1
13619,Frozen,1,0,1,0,0
13632,Frozen,0,0,1,0,0
13641,Frozen,0,0,0,1,0
13652,Frozen,1,1,1,0,0
13664,Frozen,0,0,1,0,0
13673,Frozen,0,1,0,0,0
13699,Frozen,1,1,1,0,0
13739,Frozen,1,1,1,0,0
13741,Frozen,0,1,0,0,0
13766,Frozen,1,1,1,0,0
13791,Frozen,1,0,1,0,0
13797,Frozen,1,1,0,0,0
13804,Frozen,1,1,0,0,0
13822,Frozen,1,0,0,0,0
13827,Frozen,0,1,0,0,0
13829,Frozen,0,0,1,0,0
13835,Frozen,1,1,1,0,0
13839,Frozen,0,0,0,0,0
13841,Frozen,0,0,0,0,0
13854,Frozen,1,0,0,0,0
13864,Frozen,0,1,0,0,0
13871,Frozen,0,1,0,0,0
13875,Frozen,0,0,0,0,0
13885,Frozen,0,0,0,1,0
13913,Frozen,1,0,0,0,0
13914,Frozen,0,0,0,0,0
13917,Frozen,1,1,0,0,0
13923,Frozen,1,0,1,0,0
13957,Frozen,1,0,1,0,0
13977,Frozen,1,0,0,1,1
14044,Frozen,1,0,1,0,0
14053,Frozen,1,0,1,0,0
14068,Frozen,0,0,1,0,0
14085,Frozen,0,1,1,0,0
14091,Frozen,1,0,0,0,0
14092,Frozen,1,0,0,0,1
14122,Frozen,1,1,0,0,0
14125,Frozen,0,0,0,0,0
14135,Frozen,1,1,1,0,0
14149,Frozen,1,0,0,1,0
14169,Frozen,1,0,1,0,0
14210,Frozen,1,1,1,0,0
14220,Frozen,1,0,1,0,0
14242,Frozen,0,0,0,0,0
14249,Frozen,1,0,0,0,1
14255,Frozen,0,0,1,0,0
14262,Frozen,0,0,1,1,1
14316,Frozen,1,1,0,0,1
14320,Frozen,1,1,1,0,0
14322,Frozen,0,1,0,0,0
14328,Frozen,1,0,0,1,0
14330,Frozen,1,0,0,1,1
14351,Frozen,0,1,0,0,0
14373,Frozen,1,1,1,0,0
14376,Frozen,0,0,1,0,0
14398,Frozen,0,0,0,0,0
14406,Frozen,1,0,0,1,0
14412,Frozen,0,1,1,0,0
14444,Frozen,1,0,1,0,0
14459,Frozen,0,0,0,0,0
14463,Frozen,0,0,0,0,0
14487,Frozen,0,0,1,0,0
14558,Frozen,1,1,1,0,0
14561,Frozen,1,1,1,0,0
14573,Frozen,0,0,1,0,0
14582,Frozen,0,0,1,0,0
14584,Frozen,1,0,1,0,0
14589,Frozen,0,0,0,0,0
14594,Frozen,0,1,1,0,0
14609,Frozen,0,0,0,0,0
14613,Frozen,1,0,0,1,1
14626,Frozen,0,1,0,1,1
14643,Frozen,0,0,0,0,0
14685,Frozen,0,0,0,0,0
14697,Frozen,1,0,0,0,0
14714,Frozen,1,0,0,0,0
14719,Frozen,0,1,0,0,0
14727,Frozen,0,1,0,0,0
14733,Frozen,1,0,1,0,0
14744,Frozen,1,0,0,1,1
14745,Frozen,0,0,1,0,0
14746,Frozen,0,0,0,1,1
14752,Frozen,0,0,0,0,0
14753,Frozen,0,0,0,0,0
14783,Frozen,0,1,0,0,0
14787,Frozen,1,0,1,0,0
14792,Frozen,0,0,0,0,0
14839,Frozen,1,0,0,0,0
14852,Frozen,1,0,1,0,0
14861,Frozen,0,1,0,0,0
14879,Frozen,1,0,1,1,0
14894,Frozen,0,0,0,0,0
14895,Frozen,1,0,0,0,0
14900,Frozen,0,0,1,0,0
14904,Frozen,0,0,1,0,0
14909,Frozen,0,0,0,0,0
14919,Frozen,0,0,0,0,0
14972,Frozen,1,0,0,0,1
14978,Frozen,1,1,0,0,0
14980,Frozen,0,1,0,0,0
14983,Frozen,1,0,0,0,0
14984,Frozen,1,1,1,0,0
15002,Frozen,0,0,0,0,0
15017,Frozen,0,0,0,0,0
15049,Frozen,1,0,0,1,1
15067,Frozen,0,0,0,1,1
15087,Frozen,0,0,0,0,1
15091,Frozen,0,0,0,0,0
15103,Frozen,1,0,1,0,0
15105,Frozen,0,0,0,0,0
15110,Frozen,1,0,1,0,0
15112,Frozen,1,0,1,0,0
15161,Frozen,0,1,0,0,0
15164,Frozen,1,1,1,0,0
15180,Frozen,1,0,0,0,0
15237,Frozen,1,0,0,0,1
15241,Frozen,0,0,1,0,1
15260,Frozen,0,0,0,0,0
15273,Frozen,1,1,1,0,0
15313,Frozen,0,0,1,0,0
15326,Frozen,0,0,0,0,1
15337,Frozen,1,0,1,0,0
15338,Frozen,1,0,0,0,0
15348,Frozen,0,1,0,0,0
15353,Frozen,0,0,0,0,0
15358,Frozen,0,1,1,0,0
15367,Frozen,0,0,0,0,0
15372,Frozen,1,0,0,0,0
15378,Frozen,0,1,0,0,0
15397,Frozen,0,1,0,0,1
15411,Frozen,0,0,0,0,0
15450,Frozen,1,0,0,0,1
15456,Frozen,1,0,1,0,0
15458,Frozen,0,0,1,0,0
15460,Frozen,1,1,0,0,0
15476,Frozen,1,0,0,0,0
15484,Frozen,1,0,0,0,0
15494,Frozen,1,1,0,0,0
15506,Frozen,0,1,1,0,0
15507,Frozen,1,0,0,0,1
15514,Frozen,1,0,0,0,0
15548,Frozen,1,0,0,1,1
15558,Frozen,1,0,0,0,0
15572,Frozen,0,1,0,0,0
15595,Frozen,0,0,0,0,0
15598,Frozen,0,0,0,0,0
15623,Frozen,0,0,0,0,1
15624,Frozen,1,0,0,0,0
15628,Frozen,1,0,0,0,0
15636,Frozen,1,1,1,0,0
15647,Frozen,0,0,0,0,0
15671,Frozen,1,1,1,0,0
15680,Frozen,0,0,0,0,0
15697,Frozen,0,0,1,0,0
15702,Frozen,0,0,0,0,0
15716,Frozen,0,1,0,0,0
15720,Frozen,0,1,0,0,0
15725,Frozen,0,0,1,0,0
15727,Frozen,0,1,1,0,0
15739,Frozen,0,1,1,0,0
15758,Frozen,1,0,1,0,0
15759,Frozen,0,1,0,0,0
15762,Frozen,1,1,1,0,0
15767,Frozen,1,1,0,1,0
15772,Frozen,0,0,0,0,1
15795,Frozen,1,0,1,0,0
15825,Frozen,0,1,0,0,0
15826,Frozen,0,0,1,0,0
15850,Frozen,0,1,0,0,0
15852,Frozen,0,0,0,1,1
15855,Frozen,0,0,0,0,0
15862,Frozen,0,0,1,0,0
15868,Frozen,0,0,1,1,1
15873,Frozen,1,0,0,0,0
15874,Frozen,0,0,0,1,1
15905,Frozen,0,0,0,0,0
15912,Frozen,0,1,1,0,0
15913,Frozen,1,1,1,0,0
15918,Frozen,1,0,0,0,0
15919,Frozen,1,0,1,0,0
15929,Frozen,0,1,0,0,0
15939,Frozen,1,1,0,0,0
15952,Frozen,0,0,0,0,0
15954,Frozen,1,1,0,0,0
15957,Frozen,1,0,0,1,1
15975,Frozen,0,0,1,0,0
15988,Frozen,0,0,0,0,0
15993,Frozen,0,0,0,0,0
16012,Frozen,0,0,0,0,0
16016,Frozen,0,0,0,0,0
16021,Frozen,0,0,0,0,0
16028,Frozen,1,1,0,0,0
16074,Frozen,0,1,0,0,0
16086,Frozen,1,1,1,0,0
16091,Frozen,0,1,0,0,0
16135,Frozen,0,0,1,0,0
16145,Frozen,0,0,0,0,0
16154,Frozen,1,1,1,0,0
16179,Frozen,0,0,1,0,0
16185,Frozen,1,1,0,0,0
16222,Frozen,1,0,0,0,0
16227,Frozen,0,0,1,0,0
16233,Frozen,1,0,1,0,0
16253,Frozen,0,0,0,0,0
16254,Frozen,1,1,1,0,0
16267,Frozen,1,0,0,0,1
16269,Frozen,0,0,0,0,0
16287,Frozen,0,0,0,0,0
16293,Frozen,0,0,0,0,0
16299,Frozen,0,0,0,0,0
16310,Frozen,0,1,0,0,0
16334,Frozen,1,0,1,0,0
16342,Frozen,0,1,0,0,0
16345,Frozen,0,0,1,0,0
16346,Frozen,1,0,0,0,0
16350,Frozen,1,0,0,1,0
16391,Frozen,0,0,0,1,1
16398,Frozen,0,0,0,1,1
16405,Frozen,0,0,0,0,0
16412,Frozen,0,1,0,1,0
16463,Frozen,0,0,0,0,0
16500,Frozen,1,1,1,0,0
16506,Frozen,0,0,0,0,0
16533,Frozen,0,1,1,0,0
16543,Frozen,1,0,0,0,0
16547,Frozen,0,0,1,0,0
16552,Frozen,0,0,1,0,0
16554,Frozen,0,0,1,0,0
16561,Frozen,1,0,0,1,1
16592,Frozen,1,0,1,0,0
16602,Frozen,0,0,0,0,0
16625,Frozen,0,1,0,1,0
16639,Frozen,1,1,0,0,0
16644,Frozen,0,0,0,1,1
16648,Frozen,1,0,0,1,1
16654,Frozen,0,0,0,1,0
16678,Frozen,0,0,1,0,0
16681,Frozen,0,0,0,1,0
16701,Frozen,0,0,0,0,0
16703,Frozen,0,1,1,1,0
16707,Frozen,0,0,0,1,1
16709,Frozen,0,0,1,0,0
16729,Frozen,1,0,0,0,0
16753,Frozen,1,0,1,0,0
16763,Frozen,0,1,0,0,0
16764,Frozen,0,0,0,1,0
16769,Frozen,1,1,1,0,0
16770,Frozen,0,0,0,0,0
16779,Frozen,0,0,0,1,1
16780,Frozen,0,0,0,0,0
16787,Frozen,1,1,0,0,0
16799,Frozen,1,1,0,0,0
16826,Frozen,0,1,0,0,0
16833,Frozen,1,1,1,0,0
16848,Frozen,0,1,1,0,0
16863,Frozen,1,1,1,0,0
16869,Frozen,0,1,0,0,0
16904,Frozen,0,0,1,0,0
16905,Frozen,1,0,0,0,0
16908,Frozen,1,0,0,1,1
16925,Frozen,0,0,1,0,0
16947,Frozen,0,0,0,0,0
16961,Frozen,1,1,1,0,0
17025,Frozen,1,0,1,0,0
17029,Frozen,1,0,0,0,0
17031,Frozen,1,0,1,0,0
17050,Frozen,0,1,0,0,0
17069,Frozen,0,0,1,0,0
17116,Frozen,0,1,0,0,0
17119,Frozen,1,1,0,0,0
17136,Frozen,1,1,0,0,0
17157,Frozen,0,0,1,0,0
17162,Frozen,0,1,0,0,0
17192,Frozen,0,1,0,0,0
17200,Frozen,1,0,0,0,0
17204,Frozen,1,0,0,0,1
17205,Frozen,0,0,0,0,0
17209,Frozen,0,1,1,0,0
17218,Frozen,0,0,1,0,0
17248,Frozen,1,0,0,0,1
17255,Frozen,0,0,0,0,0
17263,Frozen,0,0,0,0,0
17286,Frozen,0,0,0,0,1
17288,Frozen,0,0,0,1,1
17291,Frozen,1,0,1,0,0
17293,Frozen,0,0,0,0,0
17297,Frozen,1,0,0,0,0
17299,Frozen,0,1,0,0,0
17300,Frozen,0,1,1,0,0
17306,Frozen,1,0,0,0,1
17315,Frozen,1,0,0,1,1
17326,Frozen,1,0,0,0,0
17336,Frozen,0,1,0,0,0
17342,Frozen,1,0,1,0,0
17365,Frozen,0,0,0,1,1
17383,Frozen,0,0,0,0,0
17389,Frozen,1,1,1,0,0
17397,Frozen,1,0,1,0,1
17404,Frozen,1,1,0,0,0
17409,Frozen,1,1,1,0,0
17410,Frozen,1,0,1,0,0
17414,Frozen,0,0,0,0,0
17428,Frozen,1,0,0,0,0
17440,Frozen,0,1,0,0,0
17462,Frozen,0,0,1,0,0
17473,Frozen,0,1,1,0,0
17486,Frozen,0,1,0,0,0
17496,Frozen,1,1,0,0,0
17501,Frozen,0,0,0,0,0
17506,Frozen,0,1,0,0,0
17507,Frozen,1,0,0,0,0
17521,Frozen,0,0,0,1,1
17529,Frozen,1,1,0,0,0
17531,Frozen,0,0,1,0,0
17532,Frozen,0,0,0,0,0
17547,Frozen,1,0,1,0,0
17548,Frozen,0,0,0,0,0
17576,Frozen,0,0,0,0,1
17606,Frozen,1,0,1,0,1
17622,Frozen,0,0,1,0,0
17623,Frozen,1,0,0,0,0
17686,Frozen,0,1,0,0,0
17691,Frozen,1,0,0,0,0
17692,Frozen,0,1,1,0,0
17693,Frozen,1,1,0,0,0
17695,Frozen,1,1,1,0,0
17720,Frozen,1,1,1,0,0
17721,Frozen,1,0,0,1,1
17734,Frozen,0,1,0,0,0
17744,Frozen,0,0,0,0,0
17788,Frozen,0,0,0,1,1
17792,Frozen,0,0,0,0,0
17798,Frozen,1,1,1,0,0
17806,Frozen,0,1,0,0,0
17842,Frozen,0,0,0,0,0
17852,Frozen,0,0,1,0,0
17856,Frozen,0,0,0,1,0
17866,Frozen,0,0,0,0,0
17869,Frozen,1,0,1,0,0
17872,Frozen,1,1,0,0,0
17915,Frozen,0,0,0,1,1
17918,Frozen,0,1,0,0,0
17924,Frozen,0,0,1,0,0
17955,Frozen,1,1,1,0,0
17965,Frozen,1,0,1,0,0
17983,Frozen,1,1,1,0,0
17987,Frozen,0,0,1,0,0
18000,Frozen,1,0,1,0,0
18020,Frozen,1,0,1,0,0
18033,Frozen,0,0,0,0,0
18041,Frozen,0,0,0,0,0
18042,Frozen,0,1,0,0,0
18067,Frozen,1,1,0,0,0
18068,Frozen,1,0,0,0,0
18103,Frozen,1,0,0,1,1
18115,Frozen,0,0,0,1,1
18128,Frozen,0,0,0,0,0
18134,Frozen,0,0,0,0,0
18145,Frozen,1,0,0,0,0
18146,Frozen,0,0,1,0,0
18151,Frozen,1,0,0,0,0
18156,Frozen,1,1,1,0,0
18168,Frozen,0,0,1,0,0
18182,Frozen,1,0,0,1,1
18195,Frozen,1,0,1,1,0
18205,Frozen,0,0,0,0,0
18235,Frozen,1,0,0,0,0
18260,Frozen,0,1,1,0,0
18264,Frozen,1,1,0,0,0
18265,Frozen,0,0,0,0,0
18272,Frozen,0,0,0,0,0
18291,Frozen,0,0,1,0,0
18293,Frozen,1,0,0,0,0
18294,Frozen,0,0,1,0,0
18313,Frozen,1,1,1,0,0
18317,Frozen,0,0,0,0,0
18326,Frozen,0,0,0,1,1
18340,Frozen,1,0,0,0,0
18358,Frozen,0,0,0,0,0
18373,Frozen,0,0,0,1,1
18384,Frozen,0,0,0,0,0
18389,Frozen,0,0,0,0,1
18400,Frozen,1,0,0,0,0
18402,Frozen,0,1,1,0,1
18418,Frozen,0,1,0,0,0
18420,Frozen,0,0,0,1,0
18429,Frozen,1,0,1,0,0
18447,Frozen,1,0,0,0,0
18460,Frozen,0,0,0,0,0
18467,Frozen,1,0,1,0,0
18475,Frozen,0,0,0,1,1
18512,Frozen,1,1,1,0,0
18533,Frozen,1,0,0,0,0
18541,Frozen,1,0,0,0,0
18575,Frozen,0,1,0,0,0
18576,Frozen,1,1,1,0,0
18582,Frozen,0,1,1,0,0
18592,Frozen,1,0,1,0,0
18595,Frozen,0,0,0,0,0
18602,Frozen,0,0,0,0,0
18607,Frozen,1,1,1,0,0
18609,Frozen,1,0,0,1,1
18612,Frozen,0,0,1,0,0
18616,Frozen,0,0,0,0,0
18617,Frozen,0,0,0,0,0
18625,Frozen,0,0,0,0,0
18635,Frozen,0,0,1,0,0
18638,Frozen,0,1,1,0,0
18654,Frozen,0,0,0,0,0
18655,Frozen,1,0,0,1,1
18657,Frozen,1,0,0,1,0
18702,Frozen,1,0,0,0,1
18703,Frozen,1,1,0,0,0
18705,Frozen,0,0,0,0,0
18710,Frozen,0,0,0,0,0
18711,Frozen,0,1,0,0,0
18715,Frozen,1,0,0,1,1
18737,Frozen,1,1,1,0,0
18753,Frozen,1,0,0,0,0
18757,Frozen,0,1,0,0,0
18767,Frozen,0,0,0,1,1
18779,Frozen,0,0,0,0,0
18787,Frozen,1,0,0,0,0
18867,Frozen,0,0,0,0,0
18873,Frozen,1,0,1,0,0
18912,Frozen,0,0,0,1,0
18915,Frozen,1,0,0,0,0
18924,Frozen,0,1,1,0,0
18933,Frozen,0,0,0,0,0
18950,Frozen,1,0,1,0,0
18964,Frozen,1,1,0,0,0
18968,Frozen,0,0,0,0,0
18969,Frozen,1,0,0,1,1
19017,Frozen,0,1,0,0,0
19038,Frozen,0,0,0,0,0
19040,Frozen,0,0,0,0,0
19047,Frozen,1,0,0,1,1
19055,Frozen,1,0,1,0,0
19057,Frozen,1,1,1,0,0
19076,Frozen,0,0,0,0,0
19083,Frozen,0,0,0,0,1
19100,Frozen,1,0,0,0,1
19118,Frozen,0,1,0,0,0
19136,Frozen,0,1,0,0,0
19164,Frozen,0,0,1,0,0
19165,Frozen,0,0,0,0,0
19238,Frozen,1,0,1,0,0
19239,Frozen,0,0,0,0,0
19248,Frozen,0,0,1,0,0
19250,Frozen,1,0,1,1,1
19283,Frozen,1,0,0,0,0
19284,Frozen,0,0,0,0,0
19288,Frozen,0,0,1,0,0
19295,Frozen,0,0,0,0,0
19297,Frozen,0,0,0,0,0
19312,Frozen,1,0,1,0,0
19327,Frozen,0,0,1,0,0
19333,Frozen,1,0,0,1,1
19335,Frozen,0,0,0,0,1
19351,Frozen,0,0,1,0,0
19366,Frozen,0,0,0,0,0
19367,Frozen,1,0,0,0,1
19380,Frozen,0,0,1,0,0
19383,Frozen,0,1,1,0,0
19402,Frozen,0,0,0,0,0
19415,Frozen,1,1,1,0,0
19417,Frozen,0,0,1,0,0
19422,Frozen,0,1,0,0,0
19462,Frozen,0,0,0,0,0
19465,Frozen,1,0,0,0,0
19484,Frozen,0,1,0,0,0
19503,Frozen,1,0,0,0,0
19504,Frozen,1,0,1,0,0
19509,Frozen,1,0,1,0,0
19511,Frozen,1,0,0,0,0
19513,Frozen,1,1,1,0,0
19514,Frozen,1,0,1,0,0
19519,Frozen,1,0,0,0,0
19551,Frozen,0,0,0,0,0
19559,Frozen,1,0,1,0,0
19563,Frozen,1,0,0,0,0
19591,Frozen,1,0,1,0,0
19605,Frozen,1,1,1,0,0
19612,Frozen,0,0,0,0,0
19615,Frozen,1,0,0,0,1
19637,Frozen,0,1,0,0,0
19645,Frozen,1,0,1,0,0
19647,Frozen,0,0,0,0,0
19649,Frozen,1,0,0,0,0
19658,Frozen,0,1,1,0,0
19661,Frozen,0,0,1,0,0
19670,Frozen,0,0,1,0,0
19677,Frozen,1,1,0,0,0
19680,Frozen,0,1,1,0,0
19714,Frozen,0,0,0,0,0
19723,Frozen,1,0,0,0,0
19731,Frozen,1,0,0,0,0
19739,Frozen,0,0,0,0,0
19745,Frozen,1,0,1,0,0
19758,Frozen,1,1,1,0,0
19763,Frozen,0,1,0,0,0
19773,Frozen,0,0,1,0,0
19806,Frozen,0,0,0,0,0
19811,Frozen,0,1,0,0,0
19819,Frozen,0,0,0,0,0
19823,Frozen,1,0,1,0,0
19831,Frozen,0,1,1,0,0
19840,Frozen,0,0,0,0,0
19841,Frozen,0,1,0,0,0
19854,Frozen,1,1,0,0,0
19876,Frozen,1,0,1,0,0
19926,Frozen,0,0,0,1,0
19938,Frozen,0,1,1,0,0
19947,Frozen,1,0,1,0,0
19961,Frozen,1,0,0,0,0
19965,Frozen,0,0,0,0,0
19971,Frozen,0,0,0,0,0
19979,Frozen,1,1,0,0,0
19980,Frozen,1,0,0,0,0
19985,Frozen,0,1,0,0,0
20015,Frozen,1,0,0,0,0
20034,Frozen,1,0,1,0,0
20064,Frozen,0,0,0,0,0
20072,Frozen,1,0,1,0,0
20113,Frozen,0,1,0,0,0
20119,Frozen,0,0,0,0,0
20144,Frozen,0,0,0,0,0
20167,Frozen,0,0,1,0,0
20168,Frozen,0,0,0,0,0
20180,Frozen,0,0,0,0,0
20186,Frozen,0,1,0,1,0
20258,Frozen,0,0,1,0,0
20262,Frozen,0,0,1,0,0
20283,Frozen,1,0,1,0,0
20288,Frozen,0,0,1,0,0
20316,Frozen,1,0,0,0,0
20327,Frozen,0,0,0,0,0
20328,Frozen,0,0,1,0,0
20334,Frozen,1,0,1,0,0
20351,Frozen,1,0,0,1,1
20377,Frozen,0,0,0,0,0
20381,Frozen,0,0,1,0,0
20441,Frozen,0,1,0,0,0
20456,Frozen,1,0,0,0,0
20470,Frozen,1,0,0,0,0
20473,Frozen,1,0,1,0,0
20489,Frozen,0,1,0,0,0
20568,Frozen,0,0,0,0,0
20584,Frozen,0,0,0,0,0
20586,Frozen,0,0,0,0,0
20618,Frozen,1,0,1,0,0
20627,Frozen,0,0,0,0,0
20632,Frozen,1,1,1,0,0
20679,Frozen,0,0,0,0,0
20719,Frozen,1,1,1,0,0
20720,Frozen,0,0,0,0,0
20744,Frozen,1,0,1,0,0
20771,Frozen,0,0,0,0,0
20783,Frozen,0,0,1,0,0
20799,Frozen,1,1,1,0,0
20801,Frozen,0,0,0,1,1
20822,Frozen,0,0,0,0,0
20833,Frozen,1,1,1,0,0
20838,Frozen,1,1,1,0,0
20858,Frozen,1,1,0,0,0
20879,Frozen,0,0,1,0,0
20901,Frozen,1,1,1,0,0
20908,Frozen,0,0,0,0,0
20917,Frozen,0,1,0,0,0
20931,Frozen,0,1,0,0,0
20933,Frozen,0,0,0,0,0
20943,Frozen,1,0,1,0,0
20953,Frozen,0,1,1,0,0
20955,Frozen,0,1,1,0,0
20956,Frozen,1,0,1,0,0
20962,Frozen,0,0,0,0,0
20980,Frozen,1,0,1,0,0
20981,Frozen,0,0,0,0,0
20985,Frozen,1,0,1,0,0
20986,Frozen,0,1,1,0,0
21002,Frozen,0,0,0,1,1
21007,Frozen,1,0,1,0,0
21009,Frozen,1,1,1,0,0
21013,Frozen,1,0,0,1,0
21020,Frozen,0,0,0,0,0
21040,Frozen,1,0,0,0,1
21079,Frozen,0,0,1,0,0
21081,Frozen,0,0,1,0,0
21087,Frozen,0,0,0,0,0
21089,Frozen,0,1,1,0,0
21096,Frozen,1,0,1,0,0
21102,Frozen,1,0,0,0,1
21103,Frozen,1,0,0,0,0
21119,Frozen,1,0,0,0,0
21130,Frozen,0,0,0,0,0
21137,Frozen,1,1,0,0,0
21161,Frozen,0,0,0,0,0
21167,Frozen,0,1,0,0,0
21174,Frozen,0,1,1,0,0
21188,Frozen,1,0,1,0,0
21189,Frozen,1,0,0,0,0
21201,Frozen,0,0,0,0,0
21211,Frozen,1,0,0,0,0
21218,Frozen,1,0,1,0,0
21221,Frozen,1,0,1,1,1
21227,Frozen,1,0,1,0,0
21236,Frozen,1,0,1,0,1
21238,Frozen,0,0,1,0,0
21258,Frozen,0,0,0,0,0
21263,Frozen,0,0,0,1,0
21267,Frozen,0,1,0,0,0
21295,Frozen,1,1,1,0,0
21314,Frozen,0,0,1,0,0
21341,Frozen,0,0,1,0,0
21342,Frozen,0,0,1,0,0
21345,Frozen,1,0,0,0,0
21350,Frozen,0,0,1,0,0
21384,Frozen,0,0,0,0,0
21410,Frozen,1,1,1,0,0
21424,Frozen,0,1,0,0,0
21432,Frozen,0,0,1,0,0
21444,Frozen,0,0,0,0,0
21454,Frozen,1,1,0,0,0
21459,Frozen,0,0,0,0,0
21465,Frozen,1,0,1,0,0
21468,Frozen,0,0,0,0,0
21472,Frozen,0,1,0,0,0
21481,Frozen,1,0,0,0,0
21505,Frozen,1,1,0,0,0
21506,Frozen,1,0,1,0,0
21515,Frozen,1,0,0,0,0
21517,Frozen,0,0,1,0,0
21529,Frozen,1,1,1,0,0
21544,Frozen,0,0,0,0,0
21558,Frozen,1,0,1,0,0
21560,Frozen,0,0,1,0,0
21562,Frozen,0,0,0,0,0
21572,Frozen,0,0,1,0,0
21581,Frozen,0,0,0,0,0
21612,Frozen,1,0,1,0,0
21616,Frozen,1,0,0,0,0
21632,Frozen,1,1,1,0,0
21662,Frozen,1,1,1,0,0
21667,Frozen,0,1,0,0,0
21675,Frozen,0,0,0,0,0
21707,Frozen,1,1,1,0,0
21723,Frozen,1,0,1,0,0
21738,Frozen,0,0,1,0,0
21756,Frozen,1,0,0,0,0
21761,Frozen,0,1,1,0,0
21774,Frozen,0,0,0,0,0
21815,Frozen,0,1,0,0,0
21825,Frozen,0,1,1,0,0
21838,Frozen,1,0,0,0,0
21839,Frozen,0,0,1,0,0
21841,Frozen,0,0,1,0,0
21845,Frozen,0,0,0,1,1
21879,Frozen,1,0,1,0,0
21880,Frozen,0,0,1,0,0
21884,Frozen,0,0,0,0,0
21894,Frozen,1,1,0,0,0
21907,Frozen,1,0,1,0,0
21912,Frozen,0,0,0,0,0
21915,Frozen,0,0,1,0,0
21921,Frozen,0,0,1,0,0
21930,Frozen,0,1,1,0,0
21952,Frozen,1,0,0,1,1
21956,Frozen,1,1,0,0,0
21973,Frozen,1,0,0,0,0
21983,Frozen,1,1,1,0,0
21999,Frozen,0,0,1,0,0
22009,Frozen,0,0,1,0,0
22019,Frozen,1,0,1,0,0
22051,Frozen,1,0,1,0,0
22052,Frozen,0,1,1,0,0
22059,Frozen,0,0,1,0,0
22084,Frozen,0,1,0,0,0
22085,Frozen,1,0,0,1,1
22110,Frozen,1,1,1,0,1
22112,Frozen,1,0,1,0,0
22125,Frozen,0,1,0,0,0
22148,Frozen,1,0,1,0,0
22163,Frozen,0,0,1,0,0
22164,Frozen,1,0,1,0,0
22171,Frozen,1,1,0,0,0
22216,Frozen,0,0,0,0,0
22217,Frozen,1,0,1,0,0
22278,Frozen,1,0,0,1,1
22282,Frozen,1,0,0,1,0
22284,Frozen,0,0,0,0,0
22313,Frozen,0,0,0,0,0
22317,Frozen,0,0,0,1,0
22327,Frozen,1,0,0,0,0
22330,Frozen,1,1,0,0,0
22338,Frozen,1,0,0,0,0
22362,Frozen,0,0,0,0,0
22394,Frozen,1,1,1,0,0
22404,Frozen,0,0,1,0,0
22407,Frozen,1,1,0,0,0
22408,Frozen,0,1,1,0,0
22417,Frozen,1,1,1,0,0
22420,Frozen,1,0,1,0,0
22441,Frozen,0,1,0,0,1
22452,Frozen,1,1,1,0,0
22502,Frozen,0,1,0,0,0
22523,Frozen,1,0,1,0,0
22526,Frozen,0,0,0,0,0
22537,Frozen,0,1,0,0,0
22555,Frozen,1,0,0,0,0
22579,Frozen,0,0,1,0,0
22590,Frozen,1,1,0,0,0
22597,Frozen,1,0,1,0,0
22609,Frozen,0,1,0,1,0
22615,Frozen,1,0,0,0,0
22621,Frozen,1,0,0,0,0
22638,Frozen,0,0,1,0,0
22639,Frozen,0,0,0,0,0
22647,Frozen,0,0,0,1,1
22674,Frozen,1,0,1,0,0
22675,Frozen,1,0,1,0,0
22692,Frozen,0,0,0,0,0
22694,Frozen,0,0,0,0,0
22714,Frozen,0,1,0,0,0
22726,Frozen,0,0,1,0,0
22740,Frozen,1,0,1,0,0
22759,Frozen,1,0,0,0,0
22763,Frozen,0,1,0,0,0
22785,Frozen,0,0,0,0,0
22797,Frozen,0,0,0,0,0
22802,Frozen,1,1,1,0,0
22816,Frozen,1,0,1,0,0
22852,Frozen,1,0,1,0,0
22853,Frozen,1,0,1,0,0
22890,Frozen,0,1,0,0,0
22925,Frozen,1,0,1,0,0
22930,Frozen,1,0,0,0,0
22938,Frozen,0,0,0,0,0
22941,Frozen,0,0,1,0,0
22946,Frozen,0,0,1,0,0
22959,Frozen,0,0,0,0,0
22963,Frozen,0,0,1,0,1
22968,Frozen,1,0,0,0,0
22984,Frozen,1,1,1,0,0
23012,Frozen,0,1,1,0,0
23038,Frozen,1,0,0,1,0
23039,Frozen,1,1,1,0,0
23044,Frozen,1,0,1,0,0
23060,Frozen,0,1,0,0,0
23079,Frozen,0,0,1,0,0
23088,Frozen,1,0,1,0,0
23094,Frozen,1,1,1,0,0
23101,Frozen,0,0,1,0,0
23116,Frozen,0,0,0,1,0
23133,Frozen,1,0,0,0,0
23136,Frozen,1,0,1,0,0
23146,Frozen,1,0,0,0,1
23164,Frozen,1,0,0,0,0
23181,Frozen,0,0,1,0,0
23187,Frozen,1,1,1,0,0
23190,Frozen,1,1,1,0,0
23192,Frozen,0,0,0,0,0
23207,Frozen,0,0,0,1,1
23213,Frozen,0,1,0,0,1
23220,Frozen,1,1,0,0,0
23293,Frozen,1,0,1,0,0
23304,Frozen,1,0,0,0,0
23312,Frozen,1,0,1,0,0
23320,Frozen,0,0,0,1,0
23322,Frozen,0,1,0,0,0
23337,Frozen,1,0,1,0,0
23366,Frozen,1,0,0,1,1
23386,Frozen,1,0,0,1,1
23407,Frozen,1,0,1,0,0
23425,Frozen,1,1,0,0,0
23473,Frozen,1,1,0,0,0
23511,Frozen,0,0,0,0,0
23513,Frozen,0,0,0,0,0
23528,Frozen,0,1,0,0,0
23535,Frozen,0,1,0,0,0
23543,Frozen,0,1,1,0,0
23552,Frozen,0,0,0,0,0
23557,Frozen,1,0,1,0,0
23574,Frozen,1,0,1,0,1
23578,Frozen,0,0,0,0,0
23585,Frozen,0,0,0,0,0
23590,Frozen,1,0,0,1,1
23605,Frozen,0,1,0,0,0
23622,Frozen,0,0,1,0,0
23641,Frozen,0,0,1,0,0
23642,Frozen,0,1,0,1,0
23658,Frozen,0,0,1,0,0
23662,Frozen,1,0,0,0,0
23675,Frozen,0,0,1,0,1
23707,Frozen,0,0,0,0,0
23720,Frozen,0,0,0,0,0
23744,Frozen,0,1,1,0,0
23782,Frozen,0,0,0,0,0
23800,Frozen,1,0,1,0,1
23808,Frozen,1,1,1,0,0
23809,Frozen,1,1,1,0,0
23811,Frozen,0,0,0,0,1
23822,Frozen,1,0,0,0,0
23855,Frozen,1,0,1,0,0
23861,Frozen,1,1,1,0,0
23863,Frozen,0,1,0,0,0
23876,Frozen,0,0,0,0,0
23881,Frozen,0,0,1,0,0
23905,Frozen,0,0,0,0,0
23913,Frozen,0,0,0,1,0
23946,Frozen,1,1,1,0,0
23954,Frozen,0,0,1,0,0
23957,Frozen,1,0,1,0,0
23973,Frozen,0,0,0,0,0
24010,Frozen,0,0,0,0,0
24022,Frozen,0,1,1,0,0
24035,Frozen,0,1,0,0,0
24109,Frozen,1,0,1,1,0
24124,Frozen,0,0,1,0,0
24166,Frozen,0,0,0,0,0
24206,Frozen,1,0,0,1,0
24224,Frozen,1,0,1,1,1
24248,Frozen,1,1,0,1,0
24250,Frozen,0,0,0,1,0
24277,Frozen,1,1,1,0,0
24278,Frozen,0,0,0,0,0
24292,Frozen,1,0,0,0,0
24293,Frozen,0,0,0,0,0
24299,Frozen,0,0,0,1,1
24335,Frozen,0,0,1,0,0
24356,Frozen,0,0,1,0,0
24381,Frozen,0,1,0,0,0
24401,Frozen,0,0,0,0,0
24407,Frozen,1,0,1,0,0
24434,Frozen,0,1,0,0,0
24437,Frozen,0,0,0,0,0
24440,Frozen,1,0,0,0,0
24458,Frozen,1,1,1,0,0
24474,Frozen,0,1,1,0,0
24477,Frozen,1,0,1,0,0
24534,Frozen,0,0,1,0,0
24538,Frozen,0,0,0,1,0
24561,Frozen,0,0,0,0,0
24583,Frozen,1,0,0,0,0
24590,Frozen,0,1,1,0,0
24596,Frozen,0,0,0,0,0
24615,Frozen,0,0,0,0,0
24629,Frozen,1,0,1,0,0
24643,Frozen,0,0,1,0,0
24650,Frozen,0,1,1,0,0
24653,Frozen,0,0,0,0,0
24654,Frozen,0,1,0,0,0
24656,Frozen,1,0,1,0,0
24659,Frozen,1,0,1,0,0
24681,Frozen,0,0,0,0,0
24683,Frozen,1,1,1,0,0
24686,Frozen,1,0,0,1,1
24688,Frozen,1,0,1,0,0
24704,Frozen,0,0,1,0,0
24722,Frozen,1,0,1,0,0
24736,Frozen,0,1,0,0,0
24738,Frozen,0,1,0,0,0
24766,Frozen,0,0,1,0,0
24785,Frozen,1,1,0,0,0
24814,Frozen,1,1,0,0,0
24815,Frozen,1,1,0,0,0
24821,Frozen,1,0,0,0,0
24858,Frozen,1,0,0,1,1
24865,Frozen,1,1,1,0,0
24869,Frozen,0,0,1,0,0
24883,Frozen,0,0,0,0,0
24916,Frozen,0,1,1,0,0
24970,Frozen,1,1,1,0,0
24971,Frozen,0,0,0,0,0
24975,Frozen,0,0,0,0,0
24983,Frozen,1,1,1,0,0
24987,Frozen,1,1,1,0,0
25026,Frozen,0,0,0,1,0
25035,Frozen,1,0,1,0,0
25037,Frozen,1,0,0,0,0
25039,Frozen,0,0,0,0,0
25060,Frozen,0,0,1,0,0
25088,Frozen,0,0,0,0,0
25091,Frozen,1,0,1,0,0
25092,Frozen,1,0,1,0,0
25102,Frozen,0,1,0,0,0
25105,Frozen,1,0,0,0,1
25145,Frozen,1,1,0,0,0
25150,Frozen,0,0,0,0,0
25173,Frozen,1,0,0,0,0
25219,Frozen,0,0,0,0,0
25226,Frozen,0,0,0,1,1
25290,Frozen,0,0,1,0,0
25300,Frozen,0,0,0,0,0
25336,Frozen,0,0,0,0,1
25349,Frozen,0,0,1,0,0
25491,Frozen,0,0,1,0,0
25511,Frozen,1,0,1,0,0
25617,Frozen,0,0,0,0,0
25679,Frozen,0,0,0,0,0
25689,Frozen,0,0,0,0,0
25710,Frozen,1,0,0,0,0
25717,Frozen,0,0,0,0,0
25728,Frozen,0,1,1,0,0
25774,Frozen,0,0,0,0,0
25778,Frozen,1,0,1,0,0
25795,Frozen,0,0,0,1,0
25848,Frozen,0,0,0,0,0
25854,Frozen,0,0,0,1,0
25862,Frozen,0,0,0,0,0
25925,Frozen,0,0,1,0,0
25927,Frozen,0,0,0,1,1
25935,Frozen,1,0,0,1,1
25938,Frozen,1,1,1,1,0
25939,Frozen,0,0,0,1,1
25947,Frozen,1,0,0,0,0
25982,Frozen,0,0,1,0,0
25995,Frozen,1,1,1,0,0
25997,Frozen,1,0,0,0,0
26019,Frozen,0,0,1,0,0
26033,Frozen,0,0,0,0,0
26044,Frozen,0,0,0,1,1
26047,Frozen,0,0,1,0,0
26077,Frozen,0,0,0,0,0
26084,Frozen,1,0,0,0,0
26085,Frozen,0,0,0,1,1
26132,Frozen,0,0,0,0,1
26211,Frozen,0,1,0,0,0
26272,Frozen,0,0,0,0,0
26284,Frozen,0,1,0,0,0
26304,Frozen,1,0,1,0,0
26369,Frozen,0,0,1,0,0
26392,Frozen,1,0,0,0,0
26422,Frozen,0,0,0,0,0
26424,Frozen,1,0,1,0,0
26454,Frozen,1,0,1,1,0
26479,Frozen,0,0,1,0,0
26481,Frozen,1,0,0,1,1
26525,Frozen,0,0,0,0,0
26530,Frozen,0,0,0,1,1
26544,Frozen,1,0,1,0,0
26559,Frozen,0,0,0,0,0
26561,Frozen,0,0,1,0,0
26586,Frozen,0,1,1,1,0
26595,Frozen,1,0,0,0,0
26612,Frozen,1,0,0,0,0
26615,Frozen,0,1,0,0,0
26636,Frozen,0,0,0,0,0
26652,Frozen,1,1,1,0,0
26691,Frozen,1,0,1,0,0
26699,Frozen,1,0,0,0,0
26704,Frozen,1,1,1,0,0
26720,Frozen,0,0,0,0,0
26730,Frozen,1,0,1,0,0
26749,Frozen,0,0,0,0,0
26751,Frozen,1,1,1,0,0
26760,Frozen,1,1,0,0,0
26801,Frozen,0,0,1,0,0
26804,Frozen,1,1,0,1,0
26809,Frozen,0,1,1,0,0
26810,Frozen,1,1,0,0,0
26812,Frozen,1,0,1,0,0
26871,Frozen,0,0,0,0,0
26899,Frozen,0,0,0,0,0
26921,Frozen,0,0,1,0,0
26922,Frozen,0,0,0,0,0
26929,Frozen,0,1,1,0,0
26953,Frozen,0,0,0,0,0
26963,Frozen,0,0,0,1,0
26964,Frozen,0,1,1,0,0
26973,Frozen,0,0,1,0,0
26978,Frozen,1,0,0,0,0
26995,Frozen,0,0,1,0,0
26996,Frozen,0,1,0,0,0
27002,Frozen,0,0,0,0,0
27003,Frozen,0,1,0,0,0
27005,Frozen,1,0,0,1,0
27006,Frozen,0,1,0,0,0
27029,Frozen,0,0,0,0,0
27033,Frozen,0,0,1,0,0
27042,Frozen,1,1,1,0,0
27048,Frozen,0,1,0,0,0
27065,Frozen,0,0,0,0,0
27066,Frozen,0,0,0,0,0
27086,Frozen,1,0,1,1,0
27099,Frozen,1,1,0,0,0
27114,Frozen,0,0,0,0,0
27144,Frozen,0,0,1,0,0
27146,Frozen,1,1,0,0,0
27151,Frozen,1,1,1,0,0
27156,Frozen,0,0,0,0,0
27186,Frozen,1,1,1,0,0
27232,Frozen,0,0,0,0,0
27253,Frozen,1,1,1,0,0
27264,Frozen,0,0,0,0,0
27279,Frozen,0,0,0,1,0
27284,Frozen,1,1,0,0,0
27286,Frozen,1,1,0,0,0
27299,Frozen,1,0,1,0,0
27304,Frozen,0,1,1,0,0
27322,Frozen,0,0,0,0,0
27339,Frozen,0,0,0,1,0
27360,Frozen,0,1,1,0,0
27364,Frozen,0,0,0,0,0
27373,Frozen,0,0,0,0,0
27401,Frozen,0,0,1,0,0
27408,Frozen,1,0,0,0,0
27415,Frozen,1,0,1,0,0
27435,Frozen,0,0,0,0,0
27448,Frozen,1,0,1,0,0
27460,Frozen,0,1,0,0,0
27461,Frozen,0,0,0,0,0
27463,Frozen,1,0,1,0,0
27466,Frozen,1,0,1,0,0
27467,Frozen,1,0,1,0,0
27480,Frozen,0,0,0,1,1
27502,Frozen,0,0,0,0,0
27515,Frozen,0,0,0,1,1
27538,Frozen,0,1,0,0,0
27574,Frozen,0,0,0,0,1
27593,Frozen,0,0,1,0,0
27598,Frozen,0,0,1,0,0
27602,Frozen,1,0,1,0,0
27606,Frozen,1,1,1,0,0
27615,Frozen,0,1,0,0,0
27639,Frozen,0,1,0,0,0
27662,Frozen,0,0,1,0,0
27667,Frozen,1,1,1,0,0
27690,Frozen,1,1,1,0,0
27693,Frozen,0,0,1,0,0
27698,Frozen,1,0,1,1,0
27701,Frozen,0,0,1,0,0
27708,Frozen,0,0,0,0,0
27713,Frozen,1,0,1,0,0
27761,Frozen,1,0,1,0,1
27762,Frozen,0,1,0,0,0
27766,Frozen,0,0,0,0,0
27771,Frozen,0,1,0,0,0
27805,Frozen,1,1,0,0,0
27812,Frozen,0,0,0,0,0
27828,Frozen,0,0,0,1,0
27834,Frozen,1,0,1,1,0
27835,Frozen,0,0,0,0,0
27842,Frozen,1,0,0,0,1
27843,Frozen,1,0,0,0,0
27855,Frozen,1,0,1,0,0
27869,Frozen,0,0,0,0,0
27921,Frozen,0,0,0,0,0
27925,Frozen,0,0,0,0,0
27927,Frozen,1,1,0,0,0
27965,Frozen,1,0,1,0,0
27966,Frozen,0,0,0,0,0
27983,Frozen,0,0,0,0,0
27995,Frozen,1,0,1,0,1
28004,Frozen,0,0,1,0,0
28007,Frozen,0,0,0,0,0
28018,Frozen,0,0,0,0,0
28028,Frozen,1,1,0,0,0
28035,Frozen,1,1,1,0,0
28057,Frozen,0,0,1,0,0
28079,Frozen,1,1,1,0,0
28082,Frozen,0,0,0,0,0
28102,Frozen,0,0,0,0,0
28113,Frozen,0,0,1,0,0
28118,Frozen,0,0,1,0,0
28125,Frozen,1,0,1,0,0
28145,Frozen,1,0,0,1,0
28152,Frozen,0,1,0,0,0
28160,Frozen,1,0,1,1,1
28167,Frozen,1,1,1,0,0
28173,Frozen,0,0,0,0,0
28186,Frozen,1,0,0,0,0
28187,Frozen,0,1,0,0,0
28200,Frozen,1,0,1,0,0
28238,Frozen,1,1,0,0,0
28240,Frozen,0,1,1,0,0
28261,Frozen,0,0,1,0,0
28271,Frozen,0,0,0,0,0
28282,Frozen,1,1,1,0,0
28291,Frozen,0,0,1,1,0
28300,Frozen,1,1,1,0,0
28311,Frozen,0,1,0,0,0
28321,Frozen,0,0,0,0,0
28339,Frozen,0,0,1,0,0
28341,Frozen,0,0,0,0,0
28347,Frozen,0,1,0,0,0
28352,Frozen,0,0,1,0,0
28364,Frozen,1,0,0,0,0
28366,Frozen,0,0,0,0,0
28392,Frozen,0,0,1,0,0
28428,Frozen,0,0,0,0,1
28454,Frozen,0,0,0,0,0
28461,Frozen,1,1,0,0,0
28462,Frozen,0,0,1,0,0
28465,Frozen,0,1,1,0,0
28497,Frozen,0,1,0,0,0
28500,Frozen,0,0,0,0,0
28520,Frozen,1,0,1,0,0
28523,Frozen,0,1,0,0,0
28544,Frozen,0,0,0,0,0
28563,Frozen,0,1,0,0,0
28575,Frozen,0,0,1,0,0
28621,Frozen,1,1,0,1,1
28630,Frozen,1,0,1,0,0
28639,Frozen,1,1,0,0,0
28648,Frozen,0,0,1,0,0
28668,Frozen,0,1,1,0,0
28681,Frozen,0,0,0,0,0
28688,Frozen,0,0,0,0,0
28726,Frozen,1,0,1,0,0
28728,Frozen,1,0,1,0,0
28740,Frozen,1,1,0,0,0
28765,Frozen,1,0,1,0,0
28774,Frozen,0,1,0,1,0
28783,Frozen,0,1,0,0,0
28798,Frozen,0,0,0,0,0
28819,Frozen,1,0,0,0,0
28829,Frozen,1,0,1,0,0
28875,Frozen,0,0,1,0,0
28907,Frozen,0,0,1,0,0
28917,Frozen,0,1,0,0,0
28934,Frozen,1,1,0,0,0
28947,Frozen,1,1,1,0,0
28960,Frozen,0,0,1,0,0
28962,Frozen,1,1,1,0,0
28968,Frozen,0,0,0,0,0
28980,Frozen,0,0,0,0,0
28988,Frozen,1,1,1,0,0
29004,Frozen,0,1,0,0,0
29024,Frozen,1,0,0,1,0
29035,Frozen,1,1,1,0,0
29069,Frozen,0,0,0,0,0
29072,Frozen,1,0,1,0,0
29079,Frozen,1,0,1,0,0
29081,Frozen,1,0,0,0,0
29128,Frozen,0,0,0,0,0
29145,Frozen,1,1,1,0,0
29154,Frozen,1,1,0,0,0
29190,Frozen,0,0,0,0,0
29204,Frozen,0,0,0,0,0
29223,Frozen,0,1,1,0,0
29230,Frozen,1,0,0,0,0
29239,Frozen,0,0,0,0,0
29258,Frozen,0,0,0,0,1
29273,Frozen,0,1,0,0,0
29303,Frozen,0,0,0,0,0
29308,Frozen,0,0,0,0,0
29325,Frozen,0,0,0,0,0
29356,Frozen,0,0,0,0,0
29362,Frozen,0,0,0,0,0
29363,Frozen,0,0,0,0,0
29376,Frozen,1,0,0,0,0
29386,Frozen,0,0,0,0,0
29412,Frozen,1,0,0,0,0
29452,Frozen,0,0,0,0,0
29478,Frozen,0,1,0,0,0
29489,Frozen,0,0,0,0,0
29548,Frozen,0,0,0,0,0
29575,Frozen,0,0,0,0,0
29611,Frozen,0,0,0,0,0
29616,Frozen,1,0,0,0,0
29619,Frozen,0,1,1,0,0
29642,Frozen,1,0,1,0,0
29650,Frozen,1,0,1,0,0
29654,Frozen,1,1,1,0,0
29676,Frozen,0,0,0,0,0
29685,Frozen,0,0,0,0,0
29693,Frozen,0,1,1,0,0
29695,Frozen,1,0,0,0,0
29708,Frozen,0,0,0,0,0
29723,Frozen,1,1,0,0,0
29730,Frozen,1,0,0,1,0
29761,Frozen,0,0,0,0,0
29765,Frozen,0,0,0,0,0
29773,Frozen,0,1,0,0,0
29775,Frozen,1,1,0,0,0
29776,Frozen,0,0,0,0,0
29777,Frozen,0,0,0,0,0
29788,Frozen,0,0,0,0,1
29835,Frozen,0,0,0,0,0
29857,Frozen,0,0,0,0,0
29883,Frozen,0,0,1,0,0
29940,Frozen,0,0,0,0,0
29943,Frozen,1,0,1,0,0
29948,Frozen,1,0,0,0,0
29968,Frozen,0,0,0,0,0
29980,Frozen,0,0,0,1,1
29989,Frozen,0,0,0,0,0
29990,Frozen,0,0,1,0,0
30001,Frozen,0,0,1,0,0
30018,Frozen,0,1,1,0,0
30034,Frozen,1,0,1,0,0
30036,Frozen,0,0,0,0,0
30040,Frozen,0,0,0,0,0
30046,Frozen,0,0,0,0,0
30065,Frozen,1,1,0,0,0
30084,Frozen,0,0,0,0,0
30087,Frozen,0,0,1,0,0
30096,Frozen,1,1,0,0,0
30102,Frozen,1,1,0,1,0
30106,Frozen,0,0,0,0,0
30129,Frozen,0,0,0,0,0
30148,Frozen,1,0,0,1,1
30155,Frozen,1,0,0,1,1
30159,Frozen,1,0,0,0,0
30162,Frozen,0,0,0,0,0
30168,Frozen,0,0,0,0,0
30172,Frozen,0,0,1,0,0
30176,Frozen,0,0,0,0,0
30178,Frozen,1,0,0,0,0
30183,Frozen,1,0,0,1,1
30226,Frozen,0,0,0,0,0
30233,Frozen,0,1,1,0,0
30244,Frozen,1,1,0,0,0
30265,Frozen,1,0,0,0,1
30295,Frozen,1,1,1,0,0
30304,Frozen,1,0,0,0,0
30311,Frozen,0,1,0,0,0
30333,Frozen,1,0,0,0,0
30335,Frozen,0,1,0,0,0
30338,Frozen,0,0,0,0,0
30351,Frozen,0,0,0,1,1
30362,Frozen,0,0,0,0,0
30409,Frozen,1,0,0,0,0
30412,Frozen,1,0,1,0,0
30413,Frozen,1,0,0,0,0
30417,Frozen,1,0,1,1,0
30421,Frozen,0,0,0,0,0
30426,Frozen,1,0,0,1,1
30428,Frozen,1,0,0,0,0
30434,Frozen,0,0,1,0,0
30437,Frozen,0,1,0,0,0
30447,Frozen,0,0,0,0,0
30462,Frozen,0,0,0,0,0
30464,Frozen,1,0,1,0,0
30468,Frozen,1,1,0,1,1
30487,Frozen,0,0,0,1,1
30495,Frozen,0,0,0,0,0
30501,Frozen,1,1,0,0,0
30507,Frozen,0,1,1,0,0
30514,Frozen,0,0,0,1,0
30521,Frozen,0,0,0,0,0
30529,Frozen,0,0,0,0,0
30530,Frozen,1,0,0,1,1
30552,Frozen,1,1,1,0,0
30553,Frozen,0,0,0,0,0
30562,Frozen,0,0,0,0,0
30563,Frozen,0,0,0,0,0
30565,Frozen,0,0,0,1,1
30590,Frozen,1,1,1,0,0
30592,Frozen,1,0,0,0,1
30594,Frozen,0,1,1,0,0
30595,Frozen,1,0,1,0,0
30596,Frozen,1,1,1,0,0
30611,Frozen,1,1,1,0,0
30612,Frozen,0,0,0,0,0
30617,Frozen,1,0,0,1,1
30623,Frozen,0,1,0,0,0
30625,Frozen,1,0,1,0,0
30626,Frozen,1,0,1,0,1
30629,Frozen,0,0,0,0,0
30659,Frozen,0,1,0,0,0
30663,Frozen,0,1,1,0,0
30713,Frozen,0,0,0,0,0
30716,Frozen,0,1,0,0,0
30723,Frozen,0,0,1,0,0
30735,Frozen,0,1,0,1,1
30753,Frozen,1,0,0,0,0
30754,Frozen,1,1,1,0,0
30755,Frozen,0,0,1,0,0
30760,Frozen,0,0,0,0,0
30772,Frozen,1,0,0,0,0
30783,Frozen,1,0,0,1,1
30786,Frozen,0,0,0,0,1
30803,Frozen,1,0,1,0,0
30809,Frozen,0,0,1,0,0
30811,Frozen,1,1,1,0,0
30824,Frozen,1,0,0,1,1
30835,Frozen,0,1,0,0,0
30844,Frozen,1,0,1,0,1
30852,Frozen,0,0,0,0,1
30863,Frozen,0,1,0,0,0
30877,Frozen,1,0,1,0,0
30884,Frozen,0,1,0,0,0
30899,Frozen,1,1,0,0,0
30927,Frozen,0,0,0,1,0
30932,Frozen,0,0,0,0,0
30938,Frozen,0,0,0,0,0
30940,Frozen,0,0,0,0,1
30962,Frozen,0,0,0,0,0
30986,Frozen,0,0,0,0,0
31006,Frozen,1,1,1,0,0
31009,Frozen,1,0,0,0,0
31037,Frozen,1,1,1,1,0
31041,Frozen,0,0,0,0,0
31065,Frozen,1,0,0,0,0
31069,Frozen,0,0,0,0,0
31110,Frozen,0,0,0,0,0
31133,Frozen,0,0,0,0,0
31137,Frozen,0,0,0,0,0
31138,Frozen,0,1,0,0,0
31141,Frozen,1,1,0,0,0
31144,Frozen,1,0,1,0,0
31154,Frozen,0,0,0,0,0
31182,Frozen,0,0,0,0,0
31191,Frozen,1,1,1,0,0
31196,Frozen,0,0,0,0,0
31198,Frozen,0,0,1,0,0
31215,Frozen,0,0,0,0,0
31227,Frozen,1,0,1,0,0
31239,Frozen,0,0,0,0,0
31244,Frozen,1,0,1,0,0
31247,Frozen,1,1,1,0,0
31250,Frozen,0,0,0,0,0
31270,Frozen,0,0,1,0,0
31281,Frozen,1,0,0,0,0
31300,Frozen,1,0,1,0,0
31304,Frozen,1,1,0,0,0
31324,Frozen,0,0,0,0,0
31343,Frozen,0,1,1,0,0
31347,Frozen,0,0,1,0,0
31348,Frozen,1,0,0,1,0
31351,Frozen,1,0,1,1,1
31355,Frozen,0,0,0,0,0
31378,Frozen,1,1,0,0,0
31379,Frozen,0,0,0,0,0
31382,Frozen,1,1,1,0,0
31390,Frozen,0,0,0,0,0
31425,Frozen,1,0,1,0,0
31446,Frozen,0,0,0,0,0
31474,Frozen,0,0,0,0,0
31489,Frozen,0,1,0,0,0
31508,Frozen,0,0,0,0,0
31512,Frozen,1,0,0,1,1
31539,Frozen,0,0,0,0,0
31557,Frozen,0,0,1,0,0
31560,Frozen,0,1,0,0,0
31620,Frozen,0,0,0,0,0
31629,Frozen,0,0,0,0,0
31635,Frozen,0,0,1,0,0
31647,Frozen,1,0,0,0,1
31648,Frozen,1,0,0,0,0
31658,Frozen,0,0,0,0,0
31685,Frozen,0,0,0,0,0
31694,Frozen,0,0,1,0,0
31703,Frozen,0,1,0,0,0
31734,Frozen,0,1,1,0,0
31756,Frozen,0,1,0,1,1
31772,Frozen,0,0,0,0,0
31779,Frozen,0,1,1,0,0
31781,Frozen,1,1,1,0,0
31790,Frozen,1,0,0,0,0
31798,Frozen,0,0,1,0,0
31808,Frozen,0,0,0,0,0
31824,Frozen,1,0,1,0,0
31833,Frozen,0,0,1,0,0
31871,Frozen,1,0,1,1,1
31900,Frozen,1,0,1,0,0
31915,Frozen,1,1,1,0,0
31926,Frozen,0,0,1,1,0
31953,Frozen,1,0,0,0,0
31973,Frozen,1,1,1,0,0
32002,Frozen,0,0,0,0,0
32022,Frozen,0,0,0,0,0
32028,Frozen,1,0,0,0,0
32030,Frozen,0,0,0,0,0
32046,Frozen,1,1,1,0,0
32056,Frozen,1,0,0,1,0
32058,Frozen,1,1,0,0,0
32096,Frozen,0,0,0,0,0
32102,Frozen,0,1,0,0,0
32107,Frozen,1,0,0,0,0
32132,Frozen,0,0,0,1,1
32140,Frozen,0,0,0,0,0
32153,Frozen,0,0,0,0,0
32156,Frozen,1,0,1,0,0
32164,Frozen,0,0,0,0,0
32214,Frozen,0,0,0,1,1
32216,Frozen,1,1,0,0,0
32227,Frozen,1,0,1,0,0
32258,Frozen,0,0,0,0,0
32278,Frozen,1,0,0,0,0
32283,Frozen,0,1,1,0,0
32284,Frozen,0,0,0,1,0
32314,Frozen,1,0,1,0,0
32326,Frozen,0,0,1,0,0
32329,Frozen,0,1,0,0,0
32402,Frozen,0,0,0,0,0
32410,Frozen,0,0,0,0,0
32417,Frozen,0,0,0,0,0
32439,Frozen,1,0,0,0,0
32448,Frozen,0,0,0,0,0
32458,Frozen,1,0,0,1,0
32462,Frozen,1,1,1,0,0
32489,Frozen,1,0,0,0,0
32500,Frozen,0,0,0,0,1
32522,Frozen,1,0,1,0,0
32526,Frozen,0,0,0,0,0
32560,Frozen,1,1,1,0,0
32577,Frozen,0,0,0,0,0
32578,Frozen,1,0,1,0,0
32600,Frozen,0,0,0,0,0
32611,Frozen,0,0,0,0,0
32627,Frozen,0,0,1,0,0
32638,Frozen,0,0,1,0,0
32653,Frozen,1,1,0,0,0
32657,Frozen,0,0,0,0,0
32670,Frozen,0,0,1,0,0
32682,Frozen,0,0,0,0,0
32690,Frozen,0,1,0,0,0
32696,Frozen,1,1,0,0,0
32700,Frozen,0,0,0,0,0
32716,Frozen,0,0,0,0,0
32747,Frozen,0,0,0,0,0
32754,Frozen,0,1,0,0,0
32783,Frozen,0,0,0,1,0
32815,Frozen,0,0,1,0,0
32822,Frozen,0,0,1,0,0
32823,Frozen,1,1,0,0,0
32859,Frozen,0,0,0,0,0
32865,Frozen,0,0,0,0,0
32868,Frozen,1,0,0,0,0
32904,Frozen,0,0,1,0,0
32915,Frozen,1,0,1,0,0
32925,Frozen,0,0,1,0,0
32947,Frozen,0,0,1,0,0
33005,Frozen,0,0,0,1,1
33038,Frozen,0,0,1,0,0
33054,Frozen,1,0,0,1,1
33056,Frozen,0,0,0,0,0
33092,Frozen,1,1,1,0,0
33105,Frozen,0,0,0,0,0
33116,Frozen,0,0,1,0,0
33160,Frozen,0,0,0,0,0
33184,Frozen,1,1,0,0,0
33193,Frozen,0,0,0,1,0
33197,Frozen,1,0,1,0,0
33208,Frozen,1,0,1,0,0
33218,Frozen,1,1,1,0,0
33229,Frozen,0,0,0,0,0
33241,Frozen,1,1,1,0,0
33260,Frozen,0,1,0,0,0
33267,Frozen,1,1,1,0,0
33273,Frozen,1,0,1,1,0
33283,Frozen,1,0,1,0,0
33303,Frozen,1,1,1,0,0
33356,Frozen,0,0,0,0,1
33359,Frozen,0,1,1,0,0
33360,Frozen,0,0,0,0,0
33363,Frozen,0,0,1,0,0
33372,Frozen,1,0,1,0,0
33376,Frozen,0,0,1,0,0
33399,Frozen,0,1,0,0,0
33452,Frozen,1,1,1,0,0
33456,Frozen,0,0,0,0,1
33462,Frozen,1,0,0,1,0
33463,Frozen,0,0,0,0,0
33465,Frozen,0,0,0,1,0
33474,Frozen,0,1,0,0,0
33487,Frozen,1,0,1,0,0
33509,Frozen,1,1,1,0,0
33514,Frozen,0,0,0,0,0
33515,Frozen,0,0,0,1,1
33525,Frozen,0,0,0,1,1
33535,Frozen,0,1,1,0,0
33567,Frozen,0,1,0,0,0
33583,Frozen,0,0,0,0,0
33616,Frozen,1,0,1,0,0
33634,Frozen,0,0,0,0,0
33656,Frozen,0,0,0,0,0
33691,Frozen,0,0,0,0,0
33720,Frozen,0,0,1,0,0
33728,Frozen,1,1,0,0,1
33789,Frozen,1,0,0,0,0
33799,Frozen,0,0,0,1,0
33830,Frozen,1,0,0,0,0
33869,Frozen,1,1,0,0,0
33874,Frozen,0,0,1,0,0
33876,Frozen,0,0,0,0,0
33887,Frozen,0,0,0,0,0
33893,Frozen,1,0,1,0,0
33896,Frozen,1,0,0,0,0
33898,Frozen,1,1,1,0,0
33899,Frozen,1,0,1,0,0
33925,Frozen,0,0,1,0,0
33950,Frozen,0,1,0,0,0
33960,Frozen,0,0,0,0,0
33977,Frozen,1,0,0,0,0
33987,Frozen,0,0,1,0,0
34002,Frozen,0,0,0,0,0
34008,Frozen,1,1,1,0,0
34018,Frozen,0,0,1,0,0
34020,Frozen,1,0,1,0,0
34044,Frozen,1,0,0,0,0
34049,Frozen,0,1,0,0,0
34069,Frozen,1,0,0,1,1
34113,Frozen,0,0,1,0,0
34126,Frozen,1,0,1,0,1
34167,Frozen,0,0,0,0,0
34196,Frozen,0,1,0,1,1
34252,Frozen,1,1,0,0,0
34280,Frozen,0,0,0,0,0
34329,Frozen,1,0,0,0,1
34334,Frozen,0,0,1,0,0
34340,Frozen,1,1,1,0,0
34363,Frozen,1,0,1,0,0
34426,Frozen,0,0,0,0,0
34436,Frozen,0,0,0,0,0
34444,Frozen,1,0,0,0,0
34456,Frozen,1,0,1,0,0
34457,Frozen,1,0,0,0,0
34497,Frozen,0,0,1,0,0
34499,Frozen,0,1,0,1,1
34509,Frozen,0,0,0,1,1
34514,Frozen,1,1,0,0,0
34558,Frozen,1,0,0,0,0
34598,Frozen,0,1,1,0,0
34680,Frozen,1,0,1,0,0
34693,Frozen,1,0,1,0,0
34703,Frozen,0,0,0,1,0
34712,Frozen,0,0,0,0,0
34713,Frozen,0,1,0,0,0
34716,Frozen,1,1,0,0,0
34718,Frozen,0,0,0,0,0
34747,Frozen,0,0,0,0,0
34773,Frozen,0,0,0,0,1
34798,Frozen,0,1,0,0,0
34806,Frozen,0,0,0,0,0
34823,Frozen,1,0,0,0,0
34825,Frozen,0,0,0,1,1
34847,Frozen,0,1,1,0,0
34851,Frozen,1,0,0,0,0
34855,Frozen,1,0,0,0,0
34859,Frozen,1,0,1,0,0
34871,Frozen,0,0,0,0,0
34873,Frozen,0,1,1,0,0
34885,Frozen,1,0,1,0,0
34898,Frozen,0,1,0,0,0
34899,Frozen,0,1,1,0,0
34904,Frozen,1,0,1,0,0
34924,Frozen,0,0,0,0,0
34942,Frozen,1,1,1,0,0
34976,Frozen,0,0,1,0,0
34981,Frozen,0,0,0,0,0
35000,Frozen,1,0,1,0,0
35002,Frozen,1,0,0,0,0
35028,Frozen,0,1,0,0,0
35038,Frozen,0,0,0,0,0
35044,Frozen,0,0,0,0,0
35055,Frozen,0,0,0,0,0
35056,Frozen,0,1,0,0,0
35075,Frozen,0,0,0,0,0
35086,Frozen,0,0,0,1,1
35099,Frozen,0,1,1,0,0
35107,Frozen,1,0,0,0,1
35145,Frozen,1,1,1,0,0
35186,Frozen,1,0,0,1,0
35218,Frozen,0,0,1,0,0
35219,Frozen,0,1,0,0,0
35226,Frozen,1,0,0,0,1
35228,Frozen,1,0,0,0,0
35260,Frozen,1,1,1,0,0
35286,Frozen,1,1,0,0,0
35287,Frozen,0,0,0,0,1
35309,Frozen,0,0,0,0,1
35314,Frozen,1,1,0,0,0
35341,Frozen,0,0,0,0,0
35348,Frozen,0,1,0,0,0
35359,Frozen,0,1,0,0,0
35363,Frozen,0,0,1,0,0
35382,Frozen,0,0,0,0,1
35417,Frozen,1,0,1,1,0
35425,Frozen,0,0,0,0,0
35427,Frozen,1,0,0,0,0
35459,Frozen,0,0,0,0,0
35476,Frozen,1,1,1,0,0
35487,Frozen,0,0,0,0,0
35515,Frozen,1,0,1,0,0
35529,Frozen,0,0,0,0,0
35586,Frozen,1,0,1,0,0
35593,Frozen,1,0,1,0,0
35599,Frozen,0,0,1,0,0
35635,Frozen,1,1,1,0,0
35646,Frozen,0,1,0,0,0
35654,Frozen,1,1,0,0,0
35671,Frozen,1,0,1,0,0
35672,Frozen,1,0,0,0,0
35686,Frozen,0,0,0,0,0
35697,Frozen,1,0,1,0,0
35698,Frozen,1,0,1,0,0
35705,Frozen,1,1,0,0,0
35712,Frozen,1,0,1,0,0
35725,Frozen,0,0,0,1,1
35727,Frozen,1,0,1,1,0
35746,Frozen,0,0,1,0,0
35750,Frozen,1,1,0,0,0
35763,Frozen,0,0,0,0,0
35778,Frozen,0,0,0,0,0
35785,Frozen,1,0,1,0,0
35786,Frozen,1,0,0,0,0
35788,Frozen,0,0,0,0,0
35789,Frozen,0,0,1,0,0
35802,Frozen,0,1,1,0,0
35803,Frozen,0,1,0,0,0
35809,Frozen,1,0,0,0,0
35824,Frozen,0,1,0,0,0
35843,Frozen,0,1,0,0,0
35859,Frozen,0,1,0,0,0
35893,Frozen,1,1,0,0,0
35896,Frozen,0,1,1,0,0
35929,Frozen,1,0,1,0,0
35955,Frozen,1,0,0,1,1
35969,Frozen,0,0,0,0,0
35973,Frozen,0,0,1,1,1
35991,Frozen,0,0,0,0,0
36015,Frozen,1,0,0,0,1
36023,Frozen,0,0,0,1,1
36037,Frozen,1,1,0,0,0
36042,Frozen,0,1,0,0,0
36048,Frozen,1,0,1,0,0
36066,Frozen,0,1,0,0,0
36085,Frozen,1,0,0,0,0
36097,Frozen,0,0,0,0,0
36100,Frozen,0,0,0,1,1
36132,Frozen,0,0,0,0,0
36135,Frozen,1,0,1,0,0
36144,Frozen,1,0,0,0,0
36169,Frozen,0,0,0,0,0
36173,Frozen,1,1,0,0,0
36180,Frozen,0,1,0,0,0
36185,Frozen,0,0,0,0,0
36213,Frozen,0,0,0,0,0
36222,Frozen,0,0,1,0,0
36224,Frozen,0,0,1,0,0
36251,Frozen,0,1,1,0,0
36271,Frozen,0,0,0,0,0
36298,Frozen,1,0,1,0,0
36309,Frozen,0,0,0,0,1
36312,Frozen,0,0,0,0,0
36315,Frozen,0,0,0,0,0
36338,Frozen,0,0,0,0,0
36347,Frozen,0,0,0,0,0
36373,Frozen,0,1,1,0,0
36376,Frozen,1,1,1,0,0
36385,Frozen,1,0,0,0,0
36408,Frozen,0,0,0,0,0
36428,Frozen,0,0,0,1,1
36439,Frozen,0,0,0,1,0
36463,Frozen,0,1,1,0,0
36468,Frozen,0,0,0,0,0
36471,Frozen,0,0,0,0,0
36472,Frozen,1,0,1,0,0
36484,Frozen,0,0,0,0,0
36486,Frozen,0,0,0,0,0
36491,Frozen,0,0,1,0,0
36499,Frozen,0,0,1,0,0
36517,Frozen,0,0,0,0,0
36521,Frozen,1,0,0,0,0
36532,Frozen,0,0,0,0,0
36547,Frozen,0,0,0,0,0
36553,Frozen,0,0,0,0,0
36563,Frozen,0,0,0,0,0
36572,Frozen,0,1,1,0,0
36573,Frozen,0,0,0,0,0
36588,Frozen,1,1,1,0,0
36707,Frozen,0,0,0,0,0
36711,Frozen,0,1,0,0,0
36713,Frozen,0,0,0,0,0
36723,Frozen,0,0,0,0,0
36742,Frozen,0,0,0,0,0
36757,Frozen,0,0,0,0,0
36782,Frozen,1,0,0,0,1
36798,Frozen,0,0,0,1,1
36817,Frozen,0,0,0,0,0
36830,Frozen,0,0,0,0,0
36845,Frozen,0,0,0,1,0
36852,Frozen,1,0,0,0,1
36862,Frozen,0,0,1,0,0
36879,Frozen,0,0,0,0,0
36889,Frozen,1,0,1,0,0
36902,Frozen,0,0,0,0,1
36912,Frozen,0,1,1,0,0
36944,Frozen,0,0,0,1,0
36953,Frozen,0,0,0,0,0
36957,Frozen,1,1,1,0,0
36969,Frozen,0,0,1,0,0
36985,Frozen,0,0,0,1,0
37001,Frozen,0,0,1,0,0
37030,Frozen,0,0,0,0,0
37032,Frozen,1,1,0,0,0
37033,Frozen,0,0,1,0,0
37036,Frozen,1,0,0,1,1
37049,Frozen,1,0,0,0,0
37066,Frozen,0,1,0,0,0
37074,Frozen,0,1,0,1,0
37093,Frozen,0,0,0,0,0
37104,Frozen,0,0,0,0,0
37113,Frozen,1,1,0,0,0
37123,Frozen,0,1,0,0,0
37127,Frozen,0,0,0,1,1
37156,Frozen,0,1,1,0,0
37166,Frozen,1,0,1,0,0
37174,Frozen,1,0,0,0,0
37235,Frozen,0,0,1,0,0
37242,Frozen,1,1,0,0,0
37247,Frozen,0,0,1,1,0
37273,Frozen,0,1,1,0,0
37322,Frozen,0,1,0,0,0
37340,Frozen,1,0,0,1,1
37351,Frozen,1,0,0,0,0
37380,Frozen,0,1,1,0,0
37397,Frozen,0,0,0,0,0
37400,Frozen,0,0,0,0,0
37424,Frozen,0,0,0,0,0
37450,Frozen,1,0,1,0,0
37475,Frozen,1,0,0,0,1
37495,Frozen,0,0,1,0,0
37506,Frozen,1,0,1,0,0
37508,Frozen,1,0,1,0,0
37513,Frozen,0,0,0,0,0
37534,Frozen,0,1,1,0,0
37536,Frozen,0,0,1,0,0
37544,Frozen,0,0,0,0,0
37567,Frozen,0,0,0,0,0
37569,Frozen,0,0,0,1,0
37570,Frozen,0,0,1,0,0
37591,Frozen,1,0,0,1,0
37594,Frozen,0,0,0,0,0
37614,Frozen,1,0,0,1,1
37615,Frozen,0,0,0,0,0
37620,Frozen,1,0,0,1,0
37627,Frozen,0,0,1,0,0
37632,Frozen,0,0,1,0,0
37662,Frozen,0,0,0,1,1
37668,Frozen,0,0,0,0,0
37672,Frozen,0,0,0,0,0
37710,Frozen,1,0,0,0,0
37715,Frozen,1,0,0,0,1
37745,Frozen,0,0,0,0,0
37750,Frozen,0,0,0,0,0
37763,Frozen,0,0,0,1,1
37769,Frozen,0,0,0,1,0
37788,Frozen,0,0,0,0,0
37792,Frozen,0,0,1,0,0
37802,Frozen,1,0,0,0,0
37862,Frozen,0,0,0,1,0
37869,Frozen,0,0,0,0,0
37876,Frozen,0,0,0,1,1
37895,Frozen,0,0,1,0,0
37912,Frozen,0,1,0,1,1
37914,Frozen,0,1,0,0,0
37915,Frozen,1,1,0,0,0
37916,Frozen,1,1,1,0,0
37974,Frozen,0,0,1,0,0
37992,Frozen,0,0,0,0,0
38014,Frozen,0,1,1,0,0
38053,Frozen,0,0,1,0,0
38132,Frozen,0,0,0,0,0
38151,Frozen,0,1,0,0,0
38156,Frozen,0,0,0,0,0
38167,Frozen,0,1,1,0,0
38180,Frozen,1,0,0,1,1
38205,Frozen,0,0,0,0,0
38219,Frozen,1,0,0,1,0
38230,Frozen,0,0,0,0,0
38239,Frozen,0,0,0,0,0
38283,Frozen,0,0,0,0,0
38289,Frozen,0,0,0,0,0
38334,Frozen,0,0,1,0,0
38375,Frozen,0,0,0,0,0
38386,Frozen,1,0,0,0,0
38391,Frozen,0,0,1,0,1
38405,Frozen,0,1,0,0,0
38410,Frozen,0,0,1,0,0
38423,Frozen,0,0,0,0,0
38433,Frozen,0,1,0,0,0
38442,Frozen,0,0,1,0,0
38454,Frozen,0,0,0,0,0
38468,Frozen,0,0,0,0,0
38477,Frozen,1,0,0,0,0
38493,Frozen,0,0,0,0,0
38495,Frozen,0,0,0,0,0
38498,Frozen,0,1,1,0,0
38548,Frozen,0,1,0,0,0
38552,Frozen,0,1,1,0,0
38553,Frozen,1,0,1,0,0
38575,Frozen,0,0,0,0,0
38603,Frozen,0,0,0,0,0
38621,Frozen,0,0,0,0,0
38644,Frozen,1,0,0,0,0
38645,Frozen,1,0,1,0,0
38678,Frozen,0,0,0,0,0
38679,Frozen,0,0,0,0,0
38690,Frozen,0,0,0,0,0
38710,Frozen,1,0,1,0,0
38713,Frozen,0,0,0,0,0
38716,Frozen,1,0,1,0,0
38721,Frozen,1,1,0,1,0
38729,Frozen,0,0,0,1,1
38742,Frozen,1,0,0,0,0
38765,Frozen,0,1,0,0,0
38784,Frozen,1,0,1,1,1
38832,Frozen,0,0,0,0,0
38843,Frozen,0,0,0,0,0
38849,Frozen,1,0,0,1,0
38921,Frozen,1,0,1,0,0
38922,Frozen,1,1,0,0,0
38944,Frozen,0,0,0,0,0
38946,Frozen,0,0,0,0,0
38950,Frozen,0,0,0,0,0
38988,Frozen,0,0,1,0,0
39000,Frozen,0,0,0,0,0
39010,Frozen,0,1,0,0,0
39026,Frozen,0,1,0,0,0
39046,Frozen,0,0,0,1,0
39058,Frozen,1,1,1,0,0
39063,Frozen,1,0,0,1,0
39099,Frozen,0,0,0,0,0
39116,Frozen,1,0,1,0,0
39129,Frozen,0,0,0,0,0
39147,Frozen,0,1,1,0,0
39156,Frozen,1,0,0,0,0
39158,Frozen,0,0,0,0,0
39230,Frozen,0,1,0,0,0
39237,Frozen,0,0,1,0,0
39239,Frozen,1,0,0,0,0
39244,Frozen,0,0,0,0,1
39292,Frozen,0,0,0,0,0
39310,Frozen,0,0,1,0,0
39312,Frozen,0,1,1,0,0
39319,Frozen,0,0,0,0,0
39345,Frozen,0,1,0,0,0
39349,Frozen,1,0,1,0,0
39350,Frozen,1,0,0,0,0
39359,Frozen,0,0,0,0,0
39391,Frozen,0,0,0,1,0
39392,Frozen,0,0,0,0,0
39461,Frozen,0,1,1,0,1
39489,Frozen,1,0,0,0,0
39499,Frozen,0,0,0,0,0
39508,Frozen,0,1,0,0,0
39524,Frozen,1,0,0,0,0
39545,Frozen,0,0,0,0,0
39549,Frozen,0,0,1,0,0
39570,Frozen,0,0,0,0,0
39576,Frozen,0,0,0,0,0
39655,Frozen,0,0,0,0,0
39666,Frozen,0,1,0,0,0
39670,Frozen,0,0,0,1,0
39690,Frozen,0,1,0,0,0
39705,Frozen,0,0,0,0,0
39721,Frozen,0,0,0,1,0
39725,Frozen,0,1,0,0,0
39743,Frozen,1,0,1,0,0
39747,Frozen,0,0,0,0,1
39771,Frozen,0,1,1,0,0
39830,Frozen,1,0,0,0,0
39836,Frozen,0,0,0,1,1
39843,Frozen,0,0,1,0,0
39844,Frozen,0,0,0,0,1
39851,Frozen,0,1,0,0,0
39852,Frozen,0,0,0,0,0
39869,Frozen,0,0,0,1,0
39922,Frozen,0,1,1,0,0
39928,Frozen,0,0,0,0,0
39937,Frozen,0,0,0,0,0
39940,Frozen,1,0,1,0,0
39972,Frozen,0,0,0,0,0
39992,Frozen,0,1,0,0,0
40010,Frozen,0,0,0,0,0
40024,Frozen,0,1,1,0,0
40030,Frozen,0,0,1,0,0
40054,Frozen,0,0,0,0,0
40078,Frozen,0,1,1,0,0
40127,Frozen,0,0,0,0,0
40240,Frozen,0,0,0,0,1
40242,Frozen,1,0,1,1,1
40249,Frozen,0,1,0,0,0
40266,Frozen,0,0,1,0,0
40279,Frozen,1,1,1,0,0
40282,Frozen,1,0,1,0,0
40291,Frozen,1,0,1,0,0
40310,Frozen,0,0,0,0,0
40321,Frozen,1,0,1,0,0
40331,Frozen,0,1,1,0,0
40343,Frozen,0,0,0,0,0
40351,Frozen,0,0,1,0,0
40355,Frozen,1,0,0,1,1
40383,Frozen,0,0,0,0,0
40387,Frozen,0,0,1,0,0
40390,Frozen,0,0,1,0,0
40392,Frozen,0,0,0,0,0
40399,Frozen,0,0,0,0,0
40451,Frozen,0,0,0,0,0
40460,Frozen,1,0,0,0,0
40474,Frozen,0,0,0,0,0
40503,Frozen,1,1,1,0,0
40510,Frozen,1,1,1,0,0
40513,Frozen,1,1,0,0,0
40520,Frozen,0,0,1,0,0
40524,Frozen,1,1,0,0,0
40526,Frozen,0,0,1,0,0
40530,Frozen,0,1,1,0,0
40572,Frozen,0,0,0,0,0
40574,Frozen,0,0,0,0,0
40579,Frozen,0,1,0,0,0
40580,Frozen,0,0,0,0,0
40612,Frozen,0,0,0,0,0
40618,Frozen,0,0,1,0,0
40628,Frozen,1,0,0,1,1
40643,Frozen,0,1,1,1,1
40652,Frozen,0,1,1,0,0
40658,Frozen,0,1,1,0,0
40677,Frozen,0,0,0,0,0
40678,Frozen,0,0,1,0,0
40681,Frozen,0,0,0,0,0
40682,Frozen,1,0,1,0,0
40687,Frozen,0,0,0,0,0
40688,Frozen,0,1,1,0,0
40692,Frozen,0,0,0,0,0
40700,Frozen,0,0,0,0,0
40708,Frozen,1,1,0,0,0
40730,Frozen,0,0,0,0,0
40744,Frozen,0,0,1,0,0
40773,Frozen,0,0,0,0,0
40798,Frozen,0,0,0,1,1
40802,Frozen,0,0,0,0,0
40831,Frozen,1,1,1,0,0
40839,Frozen,0,0,0,0,0
40852,Frozen,0,1,0,0,0
40891,Frozen,1,1,0,0,0
40895,Frozen,0,0,0,1,0
40898,Frozen,1,1,1,0,0
40899,Frozen,0,0,0,0,0
40907,Frozen,0,0,1,0,0
40908,Frozen,0,1,1,0,0
40911,Frozen,0,1,0,0,0
40948,Frozen,0,1,0,0,0
40981,Frozen,0,0,0,0,0
40994,Frozen,0,0,0,0,0
41002,Frozen,0,0,0,0,0
41005,Frozen,0,1,1,0,0
41017,Frozen,1,0,1,0,0
41018,Frozen,0,0,0,0,0
41028,Frozen,0,0,0,0,0
41034,Frozen,0,0,1,0,0
41061,Frozen,0,1,1,0,0
41063,Frozen,0,0,0,0,0
41078,Frozen,0,0,0,0,0
41099,Frozen,0,0,0,0,0
41107,Frozen,0,1,1,0,0
41112,Frozen,0,0,0,0,0
41127,Frozen,0,0,0,0,0
41145,Frozen,0,0,0,0,0
41157,Frozen,0,0,1,0,0
41160,Frozen,0,0,0,0,0
41168,Frozen,0,0,0,0,0
41181,Frozen,0,1,0,0,0
41188,Frozen,0,0,0,1,0
41222,Frozen,0,0,1,0,0
41234,Frozen,0,0,0,0,0
41239,Frozen,0,0,1,0,0
41242,Frozen,0,0,0,1,0
41257,Frozen,0,0,0,1,0
41272,Frozen,1,0,0,0,0
41276,Frozen,1,0,0,1,1
41290,Frozen,0,1,0,0,0
41321,Frozen,0,0,0,0,0
41343,Frozen,0,0,0,0,0
41365,Frozen,0,1,0,0,0
41392,Frozen,0,0,0,0,1
41408,Frozen,0,0,0,0,0
41437,Frozen,0,0,1,0,0
41487,Frozen,1,0,0,0,1
41506,Frozen,0,0,1,0,0
41515,Frozen,1,0,0,1,0
41552,Frozen,0,0,0,0,0
41559,Frozen,1,0,0,0,0
41562,Frozen,1,0,0,0,0
41594,Frozen,1,1,0,0,0
41595,Frozen,0,1,1,0,0
41598,Frozen,0,1,0,0,0
41600,Frozen,1,0,1,0,0
41652,Frozen,0,0,0,0,1
41721,Frozen,1,0,0,0,0
41730,Frozen,1,0,0,1,0
41746,Frozen,0,1,0,0,0
41780,Frozen,1,1,0,0,0
41861,Frozen,1,0,1,0,0
41867,Frozen,1,0,0,0,0
41870,Frozen,0,0,0,1,0
41875,Frozen,0,0,0,0,0
41890,Frozen,0,0,0,0,0
41954,Frozen,0,0,0,0,0
41959,Frozen,0,1,1,0,0
42031,Frozen,0,0,0,0,0
42079,Frozen,0,1,1,0,0
42082,Frozen,0,0,1,0,0
42091,Frozen,0,1,0,0,0
42093,Frozen,0,1,0,0,0
42130,Frozen,1,0,1,0,0
42133,Frozen,0,0,1,0,0
42156,Frozen,0,0,1,0,0
42195,Frozen,1,1,0,0,0
42260,Frozen,0,0,1,0,0
42271,Frozen,0,0,1,0,1
42369,Frozen,0,0,0,0,0
42379,Frozen,0,0,0,0,0
42382,Frozen,0,1,0,0,0
42393,Frozen,0,0,0,0,0
42405,Frozen,0,0,0,0,0
42407,Frozen,0,0,0,0,0
42416,Frozen,0,0,0,0,0
42438,Frozen,0,0,1,0,0
42444,Frozen,0,0,1,0,0
42464,Frozen,0,1,0,0,0
42483,Frozen,0,1,1,0,0
42484,Frozen,0,0,1,0,0
42504,Frozen,0,0,1,0,0
42505,Frozen,0,0,1,0,0
42551,Frozen,0,0,0,0,0
42555,Frozen,0,0,0,0,0
42575,Frozen,0,0,0,0,0
42606,Frozen,0,0,0,0,0
42610,Frozen,1,0,0,0,0
42623,Frozen,0,1,1,0,0
42673,Frozen,0,0,1,0,0
42681,Frozen,0,0,0,0,0
42697,Frozen,0,0,1,1,0
42731,Frozen,0,0,1,0,0
42766,Frozen,0,1,1,0,0
42774,Frozen,0,0,0,0,0
42779,Frozen,1,1,0,0,0
42780,Frozen,0,0,0,0,0
42782,Frozen,0,0,0,0,0
42795,Frozen,0,0,1,0,0
42816,Frozen,0,1,0,0,0
42868,Frozen,0,1,0,0,0
42876,Frozen,1,0,0,0,1
42894,Frozen,1,1,1,0,0
42942,Frozen,0,0,0,0,0
42970,Frozen,0,0,0,1,0
43020,Frozen,0,0,1,0,0
43022,Frozen,0,0,1,0,0
43035,Frozen,0,0,0,0,0
43037,Frozen,0,1,1,0,0
43126,Frozen,0,0,0,0,0
43164,Frozen,0,0,0,0,0
43171,Frozen,0,0,1,0,0
43187,Frozen,0,0,0,0,0
43193,Frozen,0,0,0,0,0
43207,Frozen,0,0,1,0,0
43208,Frozen,0,0,0,0,0
43283,Frozen,0,0,1,0,0
43318,Frozen,0,1,1,0,0
43329,Frozen,0,0,1,0,0
43364,Frozen,0,0,0,1,0
43378,Frozen,1,0,0,0,0
43383,Frozen,0,0,0,1,1
43385,Frozen,0,1,0,0,0
43396,Frozen,0,0,0,0,0
43423,Frozen,0,0,0,0,0
43461,Frozen,0,0,0,0,0
43469,Frozen,0,0,0,0,0
43470,Frozen,0,0,0,0,0
43484,Frozen,0,0,1,0,0
43486,Frozen,0,1,0,0,0
43508,Frozen,0,0,0,0,0
43519,Frozen,0,0,1,0,0
43552,Frozen,0,0,1,0,0
43554,Frozen,0,0,1,0,0
43597,Frozen,1,0,0,0,0
43617,Frozen,0,0,1,0,0
43640,Frozen,0,0,0,0,0
43664,Frozen,0,0,0,0,0
43718,Frozen,0,0,1,0,0
43748,Frozen,0,0,0,0,0
43757,Frozen,0,0,0,0,0
43764,Frozen,0,1,0,0,0
43789,Frozen,0,0,0,0,0
43797,Frozen,0,1,1,0,0
43806,Frozen,0,1,1,0,0
43832,Frozen,0,0,0,0,0
43842,Frozen,0,0,1,0,0
43852,Frozen,0,0,1,0,0
43874,Frozen,0,0,0,0,1
43877,Frozen,0,1,0,0,0
43887,Frozen,0,0,1,0,0
43989,Frozen,0,0,0,0,0
44015,Frozen,0,0,0,0,0
44016,Frozen,0,1,0,0,0
44024,Frozen,0,0,0,0,0
44057,Frozen,0,0,0,0,0
44066,Frozen,0,0,1,0,0
44067,Frozen,0,1,1,0,0
44076,Frozen,0,0,0,0,0
44109,Frozen,0,1,1,0,0
44138,Frozen,0,1,0,0,0
44148,Frozen,0,0,0,0,0
44155,Frozen,0,0,1,0,0
44165,Frozen,0,0,0,0,0
44180,Frozen,0,0,1,0,0
44211,Frozen,1,1,1,1,0
44229,Frozen,0,0,1,1,0
44242,Frozen,0,0,0,0,0
44294,Frozen,0,1,0,0,0
44304,Frozen,0,0,0,0,0
44317,Frozen,0,1,0,0,0
44405,Frozen,0,1,0,0,0
44407,Frozen,0,0,0,0,0
44418,Frozen,0,1,0,1,1
44455,Frozen,0,1,1,0,0
44458,Frozen,0,1,0,0,0
44492,Frozen,0,0,1,0,0
44557,Frozen,0,1,0,0,0
44559,Frozen,0,0,0,0,1
44651,Frozen,0,0,0,0,0
44688,Frozen,1,0,1,0,0
44696,Frozen,0,0,0,0,0
44698,Frozen,0,0,0,0,0
44704,Frozen,0,0,0,0,0
44761,Frozen,0,0,0,0,0
44770,Frozen,0,0,0,0,0
44796,Frozen,0,0,0,0,0
44804,Frozen,0,0,0,0,0
44808,Frozen,0,0,1,0,0
44814,Frozen,0,0,0,0,0
44826,Frozen,0,0,1,0,0
44858,Frozen,0,0,1,0,0
44866,Frozen,0,0,0,0,0
44882,Frozen,0,0,1,0,0
44885,Frozen,0,0,0,0,0
44927,Frozen,0,0,0,0,0
44934,Frozen,0,0,0,0,0
44938,Frozen,0,1,0,0,0
44949,Frozen,0,0,0,0,0
44956,Frozen,0,1,1,0,0
44958,Frozen,0,0,0,0,0
44974,Frozen,0,0,1,0,0
45027,Frozen,1,1,1,0,0
45036,Frozen,0,0,0,0,0
45044,Frozen,0,0,0,0,0
45047,Frozen,0,0,1,0,0
45051,Frozen,0,0,0,0,0
45058,Frozen,0,0,0,0,1
45062,Frozen,0,0,0,0,0
45063,Frozen,0,0,0,0,0
45111,Frozen,0,1,1,0,0
45138,Frozen,0,1,0,0,0
45173,Frozen,0,0,0,0,0
45221,Frozen,0,0,1,0,0
45234,Frozen,0,1,0,0,0
45242,Frozen,1,0,0,0,0
45267,Frozen,0,0,0,0,0
45301,Frozen,0,0,1,0,0
45316,Frozen,0,0,0,1,0
45386,Frozen,0,0,0,0,0
45387,Frozen,0,0,0,0,0
45399,Frozen,0,0,0,0,0
45407,Frozen,0,0,0,0,1
45444,Frozen,0,0,1,0,0
45445,Frozen,0,1,1,0,0
45467,Frozen,1,0,1,0,0
45478,Frozen,1,0,1,0,0
45489,Frozen,0,1,1,0,0
45497,Frozen,0,0,0,0,0
45516,Frozen,0,1,0,0,0
45546,Frozen,0,0,1,0,0
45564,Frozen,1,0,1,0,0
45630,Frozen,0,1,1,0,0
45694,Frozen,0,0,0,0,0
45701,Frozen,0,0,0,0,0
45742,Frozen,0,0,0,1,0
45763,Frozen,0,0,0,0,0
45791,Frozen,1,0,0,0,0
45801,Frozen,1,0,1,0,0
45806,Frozen,0,0,0,0,0
45820,Frozen,0,0,0,0,0
45842,Frozen,0,0,0,0,0
45864,Frozen,0,0,0,0,0
45871,Frozen,1,0,0,0,1
45894,Frozen,0,0,0,0,0
45900,Frozen,0,1,1,0,0
45934,Frozen,0,0,1,0,0
45959,Frozen,1,0,0,0,1
45964,Frozen,0,1,1,0,0
45976,Frozen,1,1,1,0,0
45978,Frozen,0,1,0,0,0
45985,Frozen,0,0,1,0,0
45994,Frozen,0,0,1,0,0
46013,Frozen,0,0,1,0,0
46016,Frozen,0,0,0,0,0
46020,Frozen,0,0,0,0,0
46026,Frozen,1,0,0,0,0
46027,Frozen,0,0,0,0,0
46037,Frozen,1,0,0,0,0
46061,Frozen,1,0,0,0,0
46064,Frozen,0,1,0,0,0
46092,Frozen,0,0,0,0,0
46105,Frozen,0,0,0,0,1
46126,Frozen,0,0,0,0,0
46134,Frozen,0,1,1,0,0
46154,Frozen,1,0,0,0,0
46170,Frozen,0,1,0,0,0
46189,Frozen,0,0,0,0,0
46202,Frozen,1,0,1,0,0
46204,Frozen,0,0,0,0,0
46240,Frozen,0,0,1,0,0
46260,Frozen,0,1,1,0,0
46272,Frozen,1,0,0,0,0
46300,Frozen,0,0,0,0,0
46349,Frozen,1,0,1,0,0
46351,Frozen,0,0,0,0,0
46352,Frozen,0,0,0,0,0
46356,Frozen,0,0,0,0,0
46371,Frozen,0,0,0,0,0
46379,Frozen,1,0,1,0,0
46401,Frozen,0,0,1,0,0
46416,Frozen,0,0,0,1,0
46429,Frozen,1,0,1,0,0
46432,Frozen,1,1,1,0,0
46438,Frozen,0,0,0,0,0
46451,Frozen,1,1,0,1,1
46452,Frozen,1,0,0,0,0
46454,Frozen,0,0,0,1,1
46457,Frozen,0,0,1,0,0
46524,Frozen,1,1,1,0,0
46530,Frozen,1,0,0,1,0
46553,Frozen,1,0,0,0,0
46558,Frozen,1,0,1,0,0
46563,Frozen,1,1,0,0,0
46565,Frozen,0,0,0,0,0
46591,Frozen,0,1,1,0,0
46616,Frozen,0,0,0,0,0
46617,Frozen,0,0,0,0,0
46639,Frozen,0,0,0,0,0
46666,Frozen,1,1,0,0,0
46678,Frozen,0,0,0,0,0
46704,Frozen,1,0,1,0,0
46708,Frozen,1,0,0,0,0
46716,Frozen,1,0,1,0,0
46721,Frozen,0,0,0,0,0
46731,Frozen,0,1,1,0,0
46776,Frozen,0,0,0,1,1
46779,Frozen,0,1,0,0,0
46792,Frozen,1,0,1,0,0
46796,Frozen,1,0,0,0,0
46814,Frozen,1,0,0,0,0
46841,Frozen,0,0,0,0,0
46842,Frozen,0,1,0,0,0
46852,Frozen,1,1,1,1,0
46928,Frozen,1,1,1,0,0
46930,Frozen,1,0,1,0,0
46934,Frozen,1,0,0,0,0
46935,Frozen,1,0,0,0,1
46951,Frozen,1,0,0,0,0
47001,Frozen,0,0,1,0,0
47012,Frozen,0,0,1,0,0
47034,Frozen,1,0,1,0,0
47121,Frozen,0,0,0,0,0
47128,Frozen,1,0,0,1,1
47148,Frozen,0,0,0,0,0
47149,Frozen,0,1,0,0,0
47186,Frozen,0,0,0,0,0
47188,Frozen,0,1,0,0,0
47190,Frozen,1,0,0,1,1
47223,Frozen,0,0,0,0,0
47230,Frozen,0,1,0,0,0
47231,Frozen,0,0,0,0,0
47247,Frozen,0,0,0,0,0
47251,Frozen,1,1,1,0,1
47257,Frozen,0,0,0,1,0
47263,Frozen,1,0,1,0,0
47268,Frozen,1,0,1,0,0
47275,Frozen,0,0,0,0,0
47283,Frozen,0,0,0,0,0
47306,Frozen,1,0,0,0,0
47311,Frozen,1,1,1,0,0
47317,Frozen,0,0,0,0,0
47325,Frozen,1,0,0,1,1
47336,Frozen,0,0,0,0,0
47363,Frozen,1,0,0,0,0
47380,Frozen,0,0,0,0,0
47408,Frozen,1,0,1,0,0
47444,Frozen,0,1,0,0,0
47445,Frozen,0,1,0,0,0
47447,Frozen,1,0,0,0,1
47452,Frozen,0,0,1,0,0
47456,Frozen,0,0,0,1,1
47522,Frozen,1,1,0,0,0
47557,Frozen,0,0,0,1,1
47565,Frozen,0,0,0,0,0
47573,Frozen,1,0,1,0,0
47593,Frozen,0,1,0,0,1
47606,Frozen,1,1,0,1,0
47633,Frozen,0,0,0,0,0
47650,Frozen,1,0,1,0,0
47655,Frozen,1,0,0,0,0
47665,Frozen,1,1,0,0,0
47671,Frozen,0,0,0,1,1
47675,Frozen,1,1,1,0,0
47679,Frozen,0,0,0,0,0
47681,Frozen,0,1,0,0,0
47682,Frozen,1,1,1,0,0
47693,Frozen,0,0,0,1,0
47694,Frozen,1,0,0,0,0
47695,Frozen,1,1,1,0,0
47702,Frozen,0,1,1,0,0
47711,Frozen,1,1,0,0,0
47712,Frozen,1,1,1,0,0
47716,Frozen,1,0,0,0,0
47724,Frozen,1,1,1,0,0
47767,Frozen,0,0,0,0,0
47784,Frozen,1,1,1,0,0
47787,Frozen,1,0,1,0,0
47788,Frozen,0,0,0,0,0
47791,Frozen,0,0,1,0,0
47792,Frozen,0,0,0,0,0
47794,Frozen,0,0,0,0,0
47799,Frozen,1,1,1,0,0
47821,Frozen,0,0,0,1,0
47854,Frozen,1,1,1,0,0
47861,Frozen,0,0,0,0,0
47870,Frozen,0,1,0,0,0
47872,Frozen,0,0,1,0,0
47879,Frozen,1,0,1,0,0
47887,Frozen,1,0,0,0,0
47888,Frozen,0,1,0,0,0
47899,Frozen,0,0,1,0,0
47905,Frozen,1,0,1,0,0
47909,Frozen,0,1,0,0,0
47945,Frozen,1,0,0,0,0
47962,Frozen,1,1,1,0,0
47966,Frozen,0,0,0,1,1
47987,Frozen,0,0,0,0,0
47990,Frozen,0,0,0,0,0
48004,Frozen,0,0,0,0,0
48056,Frozen,0,0,1,0,0
48068,Frozen,0,1,0,1,0
48080,Frozen,0,0,0,0,0
48085,Frozen,0,0,0,0,0
48103,Frozen,1,0,1,0,1
48104,Frozen,0,1,0,0,0
48107,Frozen,0,0,0,0,0
48119,Frozen,0,0,0,0,0
48121,Frozen,1,0,1,0,0
48130,Frozen,1,0,1,0,0
48136,Frozen,0,0,0,0,0
48140,Frozen,0,1,0,0,0
48145,Frozen,0,1,0,0,0
48153,Frozen,1,1,1,0,0
48165,Frozen,0,1,1,0,0
48168,Frozen,1,1,0,0,0
48190,Frozen,1,1,0,0,0
48191,Frozen,1,1,0,0,0
48192,Frozen,0,0,0,0,0
48208,Frozen,0,1,0,1,1
48210,Frozen,0,0,0,0,1
48218,Frozen,0,1,0,0,0
48237,Frozen,0,0,0,0,0
48246,Frozen,0,1,0,0,0
48249,Frozen,0,0,1,0,0
48255,Frozen,0,0,0,1,0
48269,Frozen,0,0,0,0,0
48304,Frozen,1,1,0,0,0
48310,Frozen,0,0,0,1,1
48323,Frozen,0,0,0,0,0
48333,Frozen,0,0,0,0,0
48353,Frozen,0,1,1,0,0
48355,Frozen,1,0,0,0,1
48363,Frozen,1,1,0,0,0
48367,Frozen,0,1,0,0,0
48397,Frozen,0,0,0,1,0
48406,Frozen,0,0,1,0,0
48416,Frozen,1,0,0,0,0
48425,Frozen,0,0,0,0,0
48441,Frozen,0,0,0,0,0
48456,Frozen,0,1,0,1,0
48457,Frozen,0,1,1,0,0
48478,Frozen,0,0,0,1,1
48498,Frozen,0,0,1,0,0
48520,Frozen,0,1,0,1,0
48523,Frozen,0,1,0,0,0
48540,Frozen,0,0,0,0,0
48580,Frozen,0,1,1,0,0
48610,Frozen,0,0,0,0,0
48612,Frozen,0,1,0,0,0
48639,Frozen,0,0,1,0,0
48642,Frozen,1,0,0,0,0
48658,Frozen,0,0,0,0,0
48665,Frozen,0,0,0,1,0
48673,Frozen,1,0,1,0,0
48681,Frozen,1,0,0,1,1
48688,Frozen,0,1,0,0,0
48693,Frozen,0,1,0,0,0
48742,Frozen,1,0,0,0,0
48745,Frozen,0,1,0,0,0
48753,Frozen,1,0,1,0,0
48762,Frozen,0,0,0,0,0
48768,Frozen,0,1,0,0,0
48778,Frozen,0,0,0,0,0
48797,Frozen,0,0,0,0,0
48808,Frozen,0,1,0,0,0
48811,Frozen,0,0,1,0,0
48836,Frozen,0,0,1,0,0
48855,Frozen,0,0,0,0,0
48858,Frozen,0,1,1,0,0
48862,Frozen,1,0,1,0,0
48864,Frozen,0,0,0,0,0
48881,Frozen,0,0,0,0,0
48884,Frozen,1,0,0,0,0
48896,Frozen,0,0,0,0,0
48898,Frozen,0,0,0,1,1
48899,Frozen,0,0,1,0,0
48901,Frozen,0,0,0,0,0
48910,Frozen,1,1,1,0,0
48925,Frozen,1,0,1,0,0
48938,Frozen,1,1,0,0,0
48951,Frozen,0,0,0,0,0
48958,Frozen,1,1,0,0,0
48959,Frozen,1,0,0,1,1
48975,Frozen,0,0,0,0,0
48979,Frozen,1,0,1,0,0
48981,Frozen,1,0,1,0,0
48982,Frozen,0,1,1,0,0
48983,Frozen,1,0,1,0,0
48993,Frozen,0,0,0,0,0
48998,Frozen,0,1,1,0,0
49013,Frozen,0,0,0,0,0
49018,Frozen,1,0,1,0,0
49036,Frozen,1,0,1,0,0
49045,Frozen,0,0,1,0,0
49053,Frozen,1,0,1,0,0
49080,Frozen,0,0,1,0,0
49087,Frozen,0,1,0,0,0
49090,Frozen,0,1,0,0,0
49095,Frozen,1,1,1,0,0
49098,Frozen,1,0,0,0,0
49099,Frozen,0,1,0,0,0
49108,Frozen,1,0,0,0,1
49128,Frozen,1,0,1,0,0
49132,Frozen,1,0,0,0,1
49136,Frozen,1,1,1,0,0
49173,Frozen,0,0,0,0,0
49179,Frozen,0,0,1,0,0
49214,Frozen,0,1,0,0,0
49215,Frozen,1,1,0,0,0
49227,Frozen,1,0,0,0,0
49253,Frozen,1,0,0,0,1
49261,Frozen,0,0,1,0,0
49263,Frozen,1,0,0,0,0
49280,Frozen,1,0,0,0,0
49292,Frozen,0,0,1,0,0
49314,Frozen,1,1,1,0,0
49322,Frozen,1,0,0,0,0
49326,Frozen,1,0,1,0,0
49341,Frozen,0,0,0,0,1
49344,Frozen,0,0,0,0,0
49373,Frozen,0,1,0,0,0
49377,Frozen,1,0,0,1,1
49384,Frozen,1,0,1,1,1
49385,Frozen,0,1,0,0,0
49388,Frozen,0,0,1,0,0
49410,Frozen,1,0,1,0,0
49412,Frozen,1,0,1,0,0
49447,Frozen,0,0,0,0,0
49451,Frozen,1,0,0,0,0
49452,Frozen,0,1,0,0,0
49453,Frozen,1,0,1,0,0
49463,Frozen,0,0,0,0,0
49469,Frozen,0,1,0,0,0
49477,Frozen,1,0,0,0,0
49486,Frozen,0,1,0,0,0
49493,Frozen,1,0,0,1,1
49501,Frozen,1,0,0,0,0
49538,Frozen,1,0,0,0,0
49545,Frozen,0,1,0,0,0
49547,Frozen,1,0,1,0,0
49618,Frozen,1,1,1,0,0
49628,Frozen,0,0,0,0,0
49654,Frozen,0,0,1,0,0
49690,Frozen,1,1,0,0,1
49694,Frozen,1,1,1,0,0
49706,Frozen,0,0,0,0,0
49715,Frozen,0,0,0,0,0
49724,Frozen,0,0,0,0,0
49756,Frozen,0,0,0,0,0
49758,Frozen,0,1,1,0,0
49773,Frozen,1,0,0,0,0
49778,Frozen,1,0,0,0,0
49794,Frozen,0,0,1,0,0
49795,Frozen,0,0,0,1,0
49821,Frozen,0,0,0,0,1
49827,Frozen,0,1,0,0,0
49857,Frozen,0,1,0,0,1
49866,Frozen,0,0,0,1,1
49891,Frozen,0,0,0,0,0
49904,Frozen,0,1,1,0,0
49905,Frozen,1,1,0,0,0
49944,Frozen,0,0,0,1,1
49951,Frozen,1,0,1,0,0
49962,Frozen,1,1,0,0,0
49968,Frozen,0,0,0,1,0
49987,Frozen,0,0,1,0,0
50010,Frozen,0,0,0,1,1
50056,Frozen,1,0,0,0,0
50111,Frozen,1,0,0,0,0
50116,Frozen,1,1,1,0,0
50123,Frozen,0,0,0,0,0
50127,Frozen,1,0,0,0,0
50128,Frozen,0,0,1,0,0
50147,Frozen,1,0,1,0,0
50153,Frozen,1,1,1,0,0
50160,Frozen,1,0,0,0,0
50161,Frozen,0,0,0,0,0
50185,Frozen,0,0,1,0,0
50189,Frozen,1,1,0,0,0
50193,Frozen,0,0,0,0,1
50198,Frozen,1,0,1,0,0
50205,Frozen,0,1,0,0,0
50215,Frozen,1,0,1,0,0
50223,Frozen,1,0,1,0,0
50224,Frozen,0,0,0,0,0
50245,Frozen,0,0,0,1,0
50283,Frozen,1,0,0,0,0
50300,Frozen,1,0,0,1,1
50311,Frozen,0,1,1,0,0
50367,Frozen,1,0,0,0,0
50368,Frozen,0,0,1,0,0
50383,Frozen,0,0,0,1,0
50420,Frozen,0,0,0,0,0
50446,Frozen,1,1,0,0,0
50450,Frozen,1,0,1,0,0
50481,Frozen,0,0,0,0,0
50487,Frozen,0,1,1,0,0
50503,Frozen,1,0,1,0,0
50509,Frozen,1,0,1,0,0
50523,Frozen,0,0,0,0,0
50526,Frozen,0,1,0,0,0
50533,Frozen,1,1,0,0,0
50547,Frozen,0,0,0,0,0
50566,Frozen,1,0,1,0,0
50580,Frozen,1,1,1,0,0
50582,Frozen,0,0,0,0,0
50622,Frozen,0,0,0,0,0
50639,Frozen,0,0,0,0,0
50642,Frozen,0,1,0,0,0
50652,Frozen,0,0,0,0,0
50677,Frozen,1,0,0,1,0
50680,Frozen,1,0,0,0,0
50685,Frozen,0,1,0,0,0
50697,Frozen,1,0,1,0,0
50703,Frozen,1,1,1,0,0
50704,Frozen,0,1,0,0,0
50710,Frozen,0,0,0,0,0
50717,Frozen,1,1,0,0,0
50718,Frozen,1,1,1,0,0
50737,Frozen,1,1,0,0,1
50743,Frozen,1,1,0,0,0
50775,Frozen,1,0,0,0,0
50805,Frozen,1,1,1,0,0
50825,Frozen,1,0,0,0,0
50838,Frozen,0,0,0,0,0
50858,Frozen,1,0,0,1,0
50910,Frozen,0,0,0,0,0
50915,Frozen,0,0,0,0,0
50931,Frozen,0,0,0,0,0
50946,Frozen,0,0,0,0,0
50962,Frozen,0,1,0,0,0
51008,Frozen,1,1,1,0,0
51009,Frozen,0,0,0,0,0
51013,Frozen,1,0,0,0,0
51014,Frozen,0,1,1,0,0
51023,Frozen,0,0,0,0,0
51030,Frozen,0,0,0,0,0
51044,Frozen,0,0,0,0,0
51052,Frozen,1,1,0,0,0
51056,Frozen,0,0,1,0,0
51061,Frozen,0,0,0,0,0
51081,Frozen,0,0,0,1,1
51100,Frozen,0,0,0,0,0
51102,Frozen,1,1,0,0,0
51107,Frozen,1,1,0,1,1
51108,Frozen,1,1,0,0,0
51121,Frozen,0,0,1,0,0
51123,Frozen,1,1,1,0,0
51135,Frozen,1,0,0,1,1
51168,Frozen,0,1,1,0,0
51171,Frozen,1,1,1,0,0
51172,Frozen,1,1,1,0,0
51199,Frozen,0,0,0,0,0
51200,Frozen,0,0,0,0,0
51208,Frozen,1,1,1,0,0
51219,Frozen,1,1,0,0,0
51229,Frozen,0,1,0,0,0
51246,Frozen,0,0,0,0,1
51260,Frozen,0,0,0,0,0
51272,Frozen,1,0,1,0,0
51277,Frozen,0,1,0,0,0
51286,Frozen,1,1,0,0,0
51287,Frozen,0,0,0,1,1
51301,Frozen,1,0,0,0,1
51306,Frozen,1,0,0,0,1
51321,Frozen,1,0,0,0,0
51327,Frozen,1,0,0,0,0
51337,Frozen,0,1,0,0,0
51342,Frozen,0,1,0,0,0
51347,Frozen,0,0,0,0,0
51356,Frozen,0,0,0,0,0
51361,Frozen,0,1,0,0,0
51400,Frozen,0,0,0,0,0
51411,Frozen,1,0,0,0,0
51417,Frozen,1,0,1,0,0
51468,Frozen,0,1,0,0,0
51502,Frozen,1,1,0,0,0
51508,Frozen,0,1,0,0,0
51526,Frozen,0,0,0,1,1
51546,Frozen,1,0,0,1,1
51548,Frozen,0,0,1,0,0
51550,Frozen,0,0,0,0,0
51553,Frozen,1,0,1,0,0
51567,Frozen,1,0,0,0,0
51575,Frozen,0,0,0,0,0
51578,Frozen,0,0,0,0,0
51579,Frozen,0,0,0,0,0
51596,Frozen,0,0,1,0,0
51608,Frozen,1,1,1,1,0
51624,Frozen,0,1,1,0,0
51628,Frozen,0,0,0,0,0
51673,Frozen,0,0,0,0,1
51679,Frozen,0,1,0,0,0
51697,Frozen,0,0,0,0,0
51698,Frozen,1,1,1,0,0
51702,Frozen,1,0,0,0,0
51703,Frozen,1,0,0,1,0
51719,Frozen,1,1,0,0,0
51723,Frozen,0,0,1,0,0
51733,Frozen,1,0,0,0,0
51742,Frozen,0,1,0,0,0
51754,Frozen,1,1,0,0,0
51762,Frozen,0,1,1,0,0
51784,Frozen,1,0,0,0,0
51806,Frozen,1,1,0,0,0
51829,Frozen,0,1,0,0,0
51843,Frozen,0,1,1,0,0
51860,Frozen,1,0,0,0,0
51868,Frozen,0,1,0,0,0
51869,Frozen,0,1,1,0,0
51908,Frozen,1,1,1,0,0
51909,Frozen,1,1,0,1,0
51925,Frozen,1,0,1,0,0
51933,Frozen,0,1,0,0,0
51934,Frozen,1,0,0,0,0
51941,Frozen,1,0,1,1,1
51944,Frozen,0,0,0,1,1
51952,Frozen,0,0,0,0,0
51955,Frozen,1,0,1,0,0
51960,Frozen,1,0,1,0,0
51966,Frozen,0,0,0,0,0
51986,Frozen,0,1,0,0,0
52003,Frozen,1,0,0,1,1
52008,Frozen,1,0,0,0,1
52021,Frozen,0,0,0,0,0
52023,Frozen,1,0,1,0,0
52050,Frozen,1,0,0,1,0
52067,Frozen,1,1,0,0,0
52099,Frozen,0,0,0,0,0
52102,Frozen,1,0,1,0,0
52105,Frozen,0,0,0,0,0
52109,Frozen,1,0,0,0,0
52143,Frozen,0,0,1,0,0
52159,Frozen,1,0,1,0,0
52160,Frozen,0,0,1,0,0
52162,Frozen,0,0,1,0,0
52166,Frozen,0,0,0,0,0
52170,Frozen,1,1,0,0,0
52174,Frozen,0,0,0,1,0
52206,Frozen,0,0,0,0,0
52210,Frozen,0,1,1,0,0
52218,Frozen,1,0,0,0,0
52231,Frozen,1,0,1,0,0
52243,Frozen,0,0,0,0,0
52252,Frozen,0,0,0,0,0
52304,Frozen,0,1,1,0,0
52311,Frozen,0,1,0,0,0
52313,Frozen,0,1,0,0,0
52327,Frozen,1,0,1,1,1
52332,Frozen,1,0,1,1,0
52350,Frozen,1,0,1,0,0
52352,Frozen,1,0,1,0,0
52357,Frozen,0,1,1,0,0
52366,Frozen,0,1,0,0,0
52370,Frozen,0,1,0,0,0
52394,Frozen,1,0,1,1,0
52433,Frozen,1,1,0,1,0
52443,Frozen,0,0,0,0,0
52452,Frozen,1,1,0,0,0
52506,Frozen,0,0,0,0,0
52510,Frozen,0,1,1,0,0
52515,Frozen,0,0,0,0,0
52551,Frozen,0,0,1,0,0
52555,Frozen,1,0,0,0,0
52562,Frozen,0,1,0,1,0
52569,Frozen,0,0,1,0,0
52572,Frozen,0,0,0,0,1
52573,Frozen,0,0,0,0,0
52579,Frozen,0,0,0,0,0
52611,Frozen,0,0,0,0,0
52612,Frozen,0,1,1,0,0
52642,Frozen,1,0,1,0,0
52672,Frozen,0,0,1,0,0
52715,Frozen,0,1,0,0,0
52763,Frozen,0,0,0,0,0
52768,Frozen,0,0,0,0,0
52796,Frozen,1,0,0,0,0
52801,Frozen,1,1,1,0,0
52803,Frozen,0,0,0,0,1
52809,Frozen,1,0,0,0,0
52810,Frozen,0,0,0,0,0
52818,Frozen,0,0,0,0,0
52842,Frozen,0,0,1,0,0
52854,Frozen,0,0,0,0,0
52875,Frozen,0,0,0,0,1
52876,Frozen,0,0,0,0,0
52889,Frozen,0,0,0,0,0
52891,Frozen,1,0,1,0,0
52899,Frozen,0,0,0,0,0
52929,Frozen,1,0,0,0,1
52936,Frozen,0,0,1,1,1
52949,Frozen,1,1,1,0,0
52964,Frozen,1,0,1,0,0
52971,Frozen,1,1,0,0,0
52972,Frozen,0,1,0,0,0
52977,Frozen,0,0,1,1,1
52984,Frozen,0,1,0,0,0
52991,Frozen,1,0,1,0,0
53011,Frozen,0,0,0,1,0
53020,Frozen,1,0,0,0,0
53025,Frozen,0,1,1,0,0
53052,Frozen,1,0,0,1,0
53057,Frozen,1,0,0,0,0
53061,Frozen,1,0,0,0,0
53075,Frozen,1,1,0,0,0
53078,Frozen,1,1,0,0,0
53084,Frozen,0,0,1,0,0
53110,Frozen,0,1,1,0,0
53115,Frozen,1,0,0,0,0
53120,Frozen,1,0,1,0,1
53160,Frozen,1,1,1,0,0
53168,Frozen,1,0,1,0,0
53176,Frozen,0,0,0,0,0
53180,Frozen,1,0,0,0,0
53195,Frozen,1,0,0,1,1
53198,Frozen,1,1,1,0,0
53211,Frozen,1,0,1,0,0
53214,Frozen,1,0,1,0,0
53241,Frozen,0,0,1,0,0
53245,Frozen,1,0,0,0,0
53257,Frozen,0,0,0,0,0
53279,Frozen,0,0,0,0,0
53313,Frozen,1,0,0,0,0
53367,Frozen,0,0,0,1,0
53371,Frozen,0,0,0,0,0
53374,Frozen,0,0,0,1,0
53378,Frozen,0,0,0,0,0
53393,Frozen,1,0,0,0,0
53395,Frozen,1,1,1,0,0
53397,Frozen,0,0,0,0,1
53399,Frozen,0,0,0,0,0
53413,Frozen,0,1,1,0,0
53426,Frozen,1,1,0,1,1
53429,Frozen,1,0,1,0,0
53431,Frozen,0,0,0,1,0
53441,Frozen,1,0,1,0,0
53449,Frozen,1,1,1,0,0
53461,Frozen,0,0,0,0,0
53477,Frozen,0,0,0,0,0
53481,Frozen,0,0,1,0,0
53482,Frozen,1,0,1,0,0
53497,Frozen,0,0,0,0,0
53500,Frozen,1,0,0,0,0
53528,Frozen,1,0,1,0,0
53530,Frozen,1,0,0,0,0
53531,Frozen,1,1,1,0,0
53547,Frozen,1,0,1,0,0
53548,Frozen,1,0,1,0,0
53556,Frozen,1,1,1,0,0
53562,Frozen,1,1,1,0,0
53563,Frozen,0,0,0,0,0
53572,Frozen,0,0,0,0,0
53574,Frozen,0,0,1,0,0
53604,Frozen,0,0,0,0,1
53637,Frozen,0,0,0,0,0
53649,Frozen,0,1,0,0,0
53667,Frozen,0,0,0,0,0
53694,Frozen,1,0,1,0,0
53696,Frozen,0,0,1,0,0
53697,Frozen,1,0,0,0,0
53706,Frozen,1,1,1,0,0
53715,Frozen,1,0,1,0,0
53720,Frozen,0,0,0,0,0
53739,Frozen,1,0,1,0,0
53762,Frozen,1,1,1,0,0
53764,Frozen,1,0,1,0,0
53810,Frozen,0,0,0,0,0
53813,Frozen,1,0,0,0,0
53815,Frozen,0,0,0,0,0
53818,Frozen,0,1,0,0,0
53822,Frozen,1,0,1,0,0
53825,Frozen,0,0,0,0,0
53833,Frozen,1,1,0,0,0
53847,Frozen,0,0,1,0,0
53864,Frozen,1,0,0,0,0
53865,Frozen,1,0,1,0,0
53874,Frozen,0,0,0,0,0
53877,Frozen,0,0,1,0,0
53885,Frozen,1,0,0,0,0
53892,Frozen,1,0,1,0,0
53914,Frozen,1,0,0,0,1
53919,Frozen,0,0,0,0,0
53992,Frozen,0,1,0,0,0
53993,Frozen,1,0,0,0,0
54000,Frozen,1,0,1,0,0
54002,Frozen,0,0,0,0,0
54009,Frozen,1,1,1,0,0
54012,Frozen,1,0,1,0,0
54017,Frozen,1,0,1,0,0
54027,Frozen,1,1,0,0,0
54028,Frozen,1,1,1,0,0
54033,Frozen,1,0,0,0,0
54042,Frozen,0,0,0,0,0
54054,Frozen,0,0,0,0,0
54067,Frozen,1,1,1,0,0
54073,Frozen,0,1,1,0,0
54076,Frozen,1,0,0,0,0
54086,Frozen,0,1,0,0,0
54088,Frozen,1,1,1,0,0
54091,Frozen,0,0,0,0,0
54113,Frozen,1,1,1,0,0
54115,Frozen,0,0,0,0,0
54121,Frozen,0,0,1,0,0
54145,Frozen,1,0,1,0,0
54147,Frozen,0,0,1,0,0
54152,Frozen,1,1,1,0,0
54158,Frozen,1,0,1,1,0
54192,Frozen,1,1,1,0,0
54210,Frozen,1,0,1,0,0
54219,Frozen,1,0,0,0,0
54256,Frozen,1,0,1,1,1
54265,Frozen,0,0,0,0,0
54279,Frozen,0,1,0,0,0
54317,Frozen,0,0,0,0,0
54344,Frozen,1,0,1,0,0
54357,Frozen,1,1,1,0,0
54359,Frozen,0,0,0,1,1
54370,Frozen,0,0,0,0,0
54374,Frozen,0,0,1,0,0
54377,Frozen,0,1,0,0,0
54378,Frozen,0,1,0,0,0
54390,Frozen,0,0,0,0,0
54396,Frozen,1,0,0,1,1
54403,Frozen,0,0,1,0,0
54444,Frozen,1,0,0,0,0
54449,Frozen,0,0,0,0,0
54454,Frozen,1,1,0,1,1
54471,Frozen,1,1,0,0,0
54472,Frozen,1,1,1,0,0
54483,Frozen,0,1,1,0,0
54491,Frozen,0,0,0,0,1
54498,Frozen,1,1,0,0,1
54535,Frozen,0,0,0,1,1
54561,Frozen,0,0,1,0,0
54565,Frozen,1,0,0,0,0
54573,Frozen,0,0,0,1,0
54585,Frozen,0,0,0,0,0
54590,Frozen,1,1,1,0,0
54595,Frozen,1,0,0,0,0
54604,Frozen,1,0,1,1,0
54611,Frozen,0,1,1,0,0
54615,Frozen,1,0,1,0,0
54644,Frozen,0,1,0,0,0
54655,Frozen,1,1,0,0,0
54663,Frozen,0,1,1,0,0
54672,Frozen,0,1,1,0,0
54693,Frozen,1,0,0,0,0
54699,Frozen,1,1,1,0,0
54723,Frozen,1,0,1,0,0
54751,Frozen,1,0,0,0,0
54752,Frozen,0,0,0,0,1
54777,Frozen,1,0,0,1,0
54784,Frozen,1,0,0,0,0
54837,Frozen,0,0,0,1,1
54838,Frozen,1,0,0,0,0
54839,Frozen,0,0,0,0,0
54841,Frozen,1,0,0,1,0
54848,Frozen,0,0,1,0,0
54861,Frozen,0,0,0,0,0
54867,Frozen,1,0,0,0,0
54880,Frozen,1,0,1,1,0
54890,Frozen,0,1,1,0,0
54894,Frozen,0,0,0,0,0
54897,Frozen,1,1,0,0,0
54924,Frozen,1,1,1,0,0
54946,Frozen,1,0,0,0,0
54949,Frozen,1,0,0,0,0
54968,Frozen,1,1,0,0,0
54993,Frozen,1,1,0,0,0
54994,Frozen,1,0,0,1,1
55029,Frozen,0,0,0,0,0
55035,Frozen,0,1,0,1,0
55039,Frozen,0,1,1,0,0
55049,Frozen,1,1,1,0,0
55066,Frozen,1,1,0,0,0
55068,Frozen,0,0,0,0,0
55092,Frozen,1,1,1,0,0
55105,Frozen,1,0,1,0,0
55110,Frozen,0,0,0,0,1
55141,Frozen,0,1,0,0,0
55149,Frozen,1,0,0,1,0
55168,Frozen,0,0,0,1,0
55188,Frozen,0,1,0,0,0
55203,Frozen,1,0,0,0,0
55206,Frozen,0,0,0,0,1
55228,Frozen,1,1,0,0,0
55230,Frozen,0,1,1,0,0
55249,Frozen,0,0,0,0,1
55258,Frozen,0,1,0,0,0
55265,Frozen,1,0,1,0,0
55273,Frozen,0,1,0,0,0
55277,Frozen,0,1,0,0,0
55294,Frozen,0,0,1,0,0
55296,Frozen,1,1,0,0,0
55304,Frozen,0,0,0,0,0
55311,Frozen,1,0,1,0,0
55318,Frozen,1,1,0,0,0
55336,Frozen,0,0,1,0,0
55349,Frozen,0,1,1,0,0
55355,Frozen,0,0,0,0,0
55369,Frozen,1,0,1,0,0
55418,Frozen,0,1,0,0,0
55479,Frozen,0,1,0,0,0
55483,Frozen,1,1,1,0,0
55511,Frozen,0,0,1,0,0
55517,Frozen,1,0,1,0,0
55525,Frozen,0,1,1,0,0
55557,Frozen,1,0,1,0,0
55567,Frozen,0,0,0,0,0
55577,Frozen,0,0,0,0,0
55595,Frozen,1,0,1,0,0
55600,Frozen,0,0,1,0,0
55602,Frozen,0,0,1,0,0
55609,Frozen,0,0,0,0,0
55624,Frozen,1,0,1,0,0
55636,Frozen,1,0,1,0,0
55666,Frozen,0,0,0,0,1
55716,Frozen,1,0,1,0,0
55719,Frozen,1,0,1,0,0
55721,Frozen,1,0,1,0,0
55743,Frozen,1,0,0,0,0
55780,Frozen,1,1,1,0,0
55785,Frozen,0,0,1,0,0
55801,Frozen,0,0,1,0,0
55804,Frozen,0,0,0,0,0
55806,Frozen,0,1,1,0,0
55818,Frozen,1,0,1,0,0
55832,Frozen,1,0,0,0,0
55849,Frozen,1,1,0,0,0
55859,Frozen,0,1,0,0,0
55868,Frozen,1,1,0,0,0
55870,Frozen,0,0,0,0,0
55884,Frozen,0,1,1,0,0
55888,Frozen,0,0,0,0,0
55897,Frozen,1,0,1,0,0
55905,Frozen,0,1,0,0,0
55908,Frozen,0,0,1,0,0
55930,Frozen,0,1,1,0,0
55973,Frozen,1,0,1,0,0
56047,Frozen,0,0,0,0,0
56067,Frozen,0,0,1,0,0
56073,Frozen,0,0,0,0,0
56095,Frozen,1,0,0,0,0
56099,Frozen,0,0,0,0,0
56103,Frozen,0,0,0,0,0
56112,Frozen,1,0,0,0,0
56146,Frozen,1,1,1,0,0
56179,Frozen,1,0,0,0,0
56186,Frozen,0,0,0,0,0
56188,Frozen,0,0,0,0,0
56201,Frozen,0,0,0,0,0
56208,Frozen,1,0,0,0,0
56216,Frozen,1,1,1,1,0
56226,Frozen,0,0,0,0,0
56231,Frozen,1,0,1,0,0
56241,Frozen,1,0,1,0,0
56242,Frozen,1,0,0,0,0
56256,Frozen,0,1,0,0,0
56306,Frozen,1,0,0,0,0
56326,Frozen,1,0,0,0,0
56331,Frozen,0,1,0,0,0
56338,Frozen,1,1,0,0,0
56365,Frozen,1,0,0,0,1
56372,Frozen,0,1,0,0,0
56388,Frozen,0,0,0,0,0
56399,Frozen,0,1,1,0,0
56400,Frozen,0,0,0,0,0
56423,Frozen,0,1,0,0,0
56439,Frozen,1,1,0,0,0
56446,Frozen,0,1,1,0,0
56451,Frozen,0,1,0,0,0
56456,Frozen,1,0,0,0,0
56463,Frozen,1,0,0,0,0
56470,Frozen,0,0,0,0,0
56471,Frozen,0,0,0,1,1
56487,Frozen,0,0,1,0,0
56494,Frozen,1,0,0,1,0
56499,Frozen,1,0,0,0,0
56501,Frozen,0,1,0,0,0
56525,Frozen,0,0,0,0,0
56553,Frozen,1,1,0,0,0
56563,Frozen,0,0,1,1,0
56572,Frozen,0,0,0,0,0
56586,Frozen,1,0,1,0,0
56595,Frozen,0,1,0,0,0
56607,Frozen,1,0,1,0,0
56613,Frozen,0,0,0,0,0
56615,Frozen,0,1,0,0,0
56621,Frozen,0,0,1,0,0
56628,Frozen,0,1,1,0,0
56648,Frozen,0,0,0,0,0
56654,Frozen,1,0,1,0,0
56662,Frozen,0,0,0,0,0
56663,Frozen,0,1,1,0,0
56668,Frozen,1,1,1,0,0
56686,Frozen,1,0,0,1,1
56701,Frozen,0,0,1,0,0
56702,Frozen,0,0,0,1,1
56704,Frozen,1,0,1,0,0
56705,Frozen,0,0,1,0,0
56708,Frozen,0,0,0,0,0
56724,Frozen,0,0,0,0,0
56732,Frozen,0,0,0,0,0
56737,Frozen,1,1,1,0,0
56773,Frozen,1,1,0,0,0
56775,Frozen,1,0,1,0,0
56796,Frozen,0,0,1,0,0
56799,Frozen,0,1,0,0,0
56856,Frozen,1,0,0,0,0
56861,Frozen,0,0,0,0,0
56882,Frozen,0,0,1,0,0
56887,Frozen,0,1,0,0,0
56899,Frozen,1,0,0,1,1
56901,Frozen,1,0,1,0,0
56905,Frozen,1,0,1,0,0
56910,Frozen,1,0,1,0,0
56913,Frozen,1,0,0,0,0
56922,Frozen,0,0,0,0,1
56937,Frozen,0,0,0,1,1
56951,Frozen,1,0,0,0,0
56954,Frozen,1,1,0,0,0
56960,Frozen,0,0,0,0,0
56966,Frozen,0,0,0,0,0
56980,Frozen,1,1,0,1,0
56983,Frozen,0,0,0,0,0
56984,Frozen,0,0,0,0,0
56988,Frozen,1,1,0,0,0
56996,Frozen,1,0,0,0,0
57042,Frozen,1,0,0,0,1
57082,Frozen,0,0,0,0,1
57088,Frozen,1,0,0,0,0
57108,Frozen,0,1,0,0,0
57122,Frozen,0,0,1,0,0
57149,Frozen,1,0,0,0,0
57196,Frozen,0,1,0,0,0
57221,Frozen,0,0,0,0,0
57258,Frozen,0,1,0,0,0
57261,Frozen,0,0,0,0,0
57279,Frozen,0,1,0,0,0
57305,Frozen,0,1,0,0,0
57311,Frozen,0,0,0,0,0
57328,Frozen,0,0,1,0,0
57336,Frozen,1,0,0,0,0
57343,Frozen,0,0,0,0,0
57352,Frozen,1,0,0,0,0
57384,Frozen,0,0,0,0,0
57452,Frozen,0,1,1,0,0
57484,Frozen,0,0,0,0,0
57518,Frozen,1,1,0,0,0
57557,Frozen,0,1,0,0,0
57566,Frozen,0,1,1,0,0
57588,Frozen,1,0,0,1,1
57607,Frozen,0,0,0,1,0
57656,Frozen,1,1,0,0,0
57671,Frozen,1,0,0,0,1
57677,Frozen,0,1,0,0,0
57678,Frozen,0,0,0,1,0
57702,Frozen,1,0,0,0,0
57721,Frozen,1,1,0,0,0
57758,Frozen,0,0,1,0,0
57794,Frozen,1,0,1,0,0
57801,Frozen,0,0,0,0,0
57818,Frozen,0,0,0,0,0
57819,Frozen,1,1,1,1,0
57843,Frozen,1,0,0,0,0
57846,Frozen,1,0,1,0,0
57854,Frozen,0,0,1,0,0
57860,Frozen,0,0,0,0,0
57861,Frozen,0,0,0,0,0
,,1783,1245,1584,470,462
